Oct  9, 2025 15:21:50.978562000 +08	10.45.0.27	8.8.8.8		119
Oct  9, 2025 15:21:50.992861000 +08	8.8.8.8	10.45.0.27		119
Oct  9, 2025 15:21:51.197381000 +08	10.45.0.27	8.8.8.8		60
Oct  9, 2025 15:21:51.214987000 +08	8.8.8.8	10.45.0.27		60
Oct  9, 2025 15:21:51.431421000 +08	10.45.0.27	8.8.8.8		67
Oct  9, 2025 15:21:51.449096000 +08	8.8.8.8	10.45.0.27		67
Oct  9, 2025 15:21:51.623340000 +08	10.45.0.27	8.8.8.8		66
Oct  9, 2025 15:21:51.644780000 +08	8.8.8.8	10.45.0.27		66
Oct  9, 2025 15:21:51.841500000 +08	10.45.0.27	8.8.8.8		84
Oct  9, 2025 15:21:51.861232000 +08	8.8.8.8	10.45.0.27		84
Oct  9, 2025 15:21:52.046934000 +08	10.45.0.27	8.8.8.8		70
Oct  9, 2025 15:21:52.068265000 +08	8.8.8.8	10.45.0.27		70
Oct  9, 2025 15:21:52.305100000 +08	10.45.0.27	8.8.8.8		64
Oct  9, 2025 15:21:52.329241000 +08	8.8.8.8	10.45.0.27		64
Oct  9, 2025 15:21:52.519391000 +08	10.45.0.27	8.8.8.8		86
Oct  9, 2025 15:21:52.538336000 +08	8.8.8.8	10.45.0.27		86
Oct  9, 2025 15:21:52.662261000 +08	10.45.0.27	8.8.8.8		71
Oct  9, 2025 15:21:52.685146000 +08	8.8.8.8	10.45.0.27		71
Oct  9, 2025 15:21:52.882960000 +08	10.45.0.27	8.8.8.8		88
Oct  9, 2025 15:21:52.908104000 +08	8.8.8.8	10.45.0.27		88
Oct  9, 2025 15:21:53.103649000 +08	10.45.0.27	8.8.8.8		76
Oct  9, 2025 15:21:53.120637000 +08	8.8.8.8	10.45.0.27		76
Oct  9, 2025 15:21:53.298972000 +08	10.45.0.27	8.8.8.8		69
Oct  9, 2025 15:21:53.318245000 +08	8.8.8.8	10.45.0.27		69
Oct  9, 2025 15:21:53.538634000 +08	10.45.0.27	8.8.8.8		102
Oct  9, 2025 15:21:53.563234000 +08	8.8.8.8	10.45.0.27		102
Oct  9, 2025 15:21:53.777275000 +08	10.45.0.27	8.8.8.8		112
Oct  9, 2025 15:21:53.794705000 +08	8.8.8.8	10.45.0.27		112
Oct  9, 2025 15:21:53.890775000 +08	10.45.0.27	8.8.8.8		70
Oct  9, 2025 15:21:53.918827000 +08	8.8.8.8	10.45.0.27		70
Oct  9, 2025 15:21:54.092741000 +08	10.45.0.27	8.8.8.8		89
Oct  9, 2025 15:21:54.108020000 +08	8.8.8.8	10.45.0.27		89
Oct  9, 2025 15:21:54.330142000 +08	10.45.0.27	8.8.8.8		88
Oct  9, 2025 15:21:54.363299000 +08	8.8.8.8	10.45.0.27		88
Oct  9, 2025 15:21:54.486787000 +08	10.45.0.27	8.8.8.8		96
Oct  9, 2025 15:21:54.521590000 +08	8.8.8.8	10.45.0.27		96
Oct  9, 2025 15:21:54.736441000 +08	10.45.0.27	8.8.8.8		64
Oct  9, 2025 15:21:54.763131000 +08	8.8.8.8	10.45.0.27		64
Oct  9, 2025 15:21:54.998148000 +08	10.45.0.27	8.8.8.8		70
Oct  9, 2025 15:21:55.014676000 +08	8.8.8.8	10.45.0.27		70
Oct  9, 2025 15:21:55.129912000 +08	10.45.0.27	8.8.8.8		79
Oct  9, 2025 15:21:55.163304000 +08	8.8.8.8	10.45.0.27		79
Oct  9, 2025 15:21:55.348116000 +08	10.45.0.27	8.8.8.8		84
Oct  9, 2025 15:21:55.363143000 +08	8.8.8.8	10.45.0.27		84
Oct  9, 2025 15:21:55.602136000 +08	10.45.0.27	8.8.8.8		106
Oct  9, 2025 15:21:55.630923000 +08	8.8.8.8	10.45.0.27		106
Oct  9, 2025 15:21:55.842105000 +08	10.45.0.27	8.8.8.8		72
Oct  9, 2025 15:21:55.860552000 +08	8.8.8.8	10.45.0.27		72
Oct  9, 2025 15:21:56.105484000 +08	10.45.0.27	8.8.8.8		122
Oct  9, 2025 15:21:56.134853000 +08	8.8.8.8	10.45.0.27		122
Oct  9, 2025 15:21:56.351151000 +08	10.45.0.27	8.8.8.8		83
Oct  9, 2025 15:21:56.370974000 +08	8.8.8.8	10.45.0.27		83
Oct  9, 2025 15:21:56.551120000 +08	10.45.0.27	8.8.8.8		121
Oct  9, 2025 15:21:56.569151000 +08	8.8.8.8	10.45.0.27		121
Oct  9, 2025 15:21:56.752395000 +08	10.45.0.27	8.8.8.8		62
Oct  9, 2025 15:21:56.775632000 +08	8.8.8.8	10.45.0.27		62
Oct  9, 2025 15:21:57.002768000 +08	10.45.0.27	8.8.8.8		124
Oct  9, 2025 15:21:57.030284000 +08	8.8.8.8	10.45.0.27		124
Oct  9, 2025 15:21:57.241807000 +08	10.45.0.27	8.8.8.8		109
Oct  9, 2025 15:21:57.257997000 +08	8.8.8.8	10.45.0.27		109
Oct  9, 2025 15:21:57.485322000 +08	10.45.0.27	8.8.8.8		70
Oct  9, 2025 15:21:57.503182000 +08	8.8.8.8	10.45.0.27		70
Oct  9, 2025 15:21:57.624311000 +08	10.45.0.27	8.8.8.8		83
Oct  9, 2025 15:21:57.638732000 +08	8.8.8.8	10.45.0.27		83
Oct  9, 2025 15:21:57.809081000 +08	10.45.0.27	8.8.8.8		75
Oct  9, 2025 15:21:57.828887000 +08	8.8.8.8	10.45.0.27		75
Oct  9, 2025 15:21:57.994536000 +08	10.45.0.27	8.8.8.8		94
Oct  9, 2025 15:21:58.013192000 +08	8.8.8.8	10.45.0.27		94
Oct  9, 2025 15:21:58.176968000 +08	10.45.0.27	8.8.8.8		98
Oct  9, 2025 15:21:58.195790000 +08	8.8.8.8	10.45.0.27		98
Oct  9, 2025 15:21:58.426148000 +08	10.45.0.27	8.8.8.8		97
Oct  9, 2025 15:21:58.453266000 +08	8.8.8.8	10.45.0.27		97
Oct  9, 2025 15:21:58.623798000 +08	10.45.0.27	8.8.8.8		120
Oct  9, 2025 15:21:58.639072000 +08	8.8.8.8	10.45.0.27		120
Oct  9, 2025 15:21:58.823722000 +08	10.45.0.27	8.8.8.8		116
Oct  9, 2025 15:21:58.849254000 +08	8.8.8.8	10.45.0.27		116
Oct  9, 2025 15:21:59.019349000 +08	10.45.0.27	8.8.8.8		63
Oct  9, 2025 15:21:59.043670000 +08	8.8.8.8	10.45.0.27		63
Oct  9, 2025 15:21:59.137969000 +08	10.45.0.27	8.8.8.8		73
Oct  9, 2025 15:21:59.170995000 +08	8.8.8.8	10.45.0.27		73
Oct  9, 2025 15:21:59.385078000 +08	10.45.0.27	8.8.8.8		97
Oct  9, 2025 15:21:59.413355000 +08	8.8.8.8	10.45.0.27		97
Oct  9, 2025 15:21:59.609251000 +08	10.45.0.27	8.8.8.8		73
Oct  9, 2025 15:21:59.625559000 +08	8.8.8.8	10.45.0.27		73
Oct  9, 2025 15:21:59.830132000 +08	10.45.0.27	8.8.8.8		86
Oct  9, 2025 15:21:59.848926000 +08	8.8.8.8	10.45.0.27		86
Oct  9, 2025 15:21:59.941948000 +08	10.45.0.27	8.8.8.8		67
Oct  9, 2025 15:21:59.978376000 +08	8.8.8.8	10.45.0.27		67
Oct  9, 2025 15:22:00.169809000 +08	10.45.0.27	8.8.8.8		92
Oct  9, 2025 15:22:00.194213000 +08	8.8.8.8	10.45.0.27		92
Oct  9, 2025 15:22:00.385098000 +08	10.45.0.27	8.8.8.8		76
Oct  9, 2025 15:22:00.413325000 +08	8.8.8.8	10.45.0.27		76
Oct  9, 2025 15:22:00.585639000 +08	10.45.0.27	8.8.8.8		122
Oct  9, 2025 15:22:00.604828000 +08	8.8.8.8	10.45.0.27		122
Oct  9, 2025 15:22:00.804112000 +08	10.45.0.27	8.8.8.8		109
Oct  9, 2025 15:22:00.823355000 +08	8.8.8.8	10.45.0.27		109
Oct  9, 2025 15:22:01.061167000 +08	10.45.0.27	8.8.8.8		83
Oct  9, 2025 15:22:01.081152000 +08	8.8.8.8	10.45.0.27		83
Oct  9, 2025 15:22:01.275684000 +08	10.45.0.27	8.8.8.8		80
Oct  9, 2025 15:22:01.293306000 +08	8.8.8.8	10.45.0.27		80
Oct  9, 2025 15:22:01.470600000 +08	10.45.0.27	8.8.8.8		95
Oct  9, 2025 15:22:01.493485000 +08	8.8.8.8	10.45.0.27		95
Oct  9, 2025 15:22:01.731830000 +08	10.45.0.27	8.8.8.8		121
Oct  9, 2025 15:22:01.748814000 +08	8.8.8.8	10.45.0.27		121
Oct  9, 2025 15:22:01.921618000 +08	10.45.0.27	8.8.8.8		71
Oct  9, 2025 15:22:01.944496000 +08	8.8.8.8	10.45.0.27		71
Oct  9, 2025 15:22:02.068091000 +08	10.45.0.27	8.8.8.8		75
Oct  9, 2025 15:22:02.094503000 +08	8.8.8.8	10.45.0.27		75
Oct  9, 2025 15:22:02.281505000 +08	10.45.0.27	8.8.8.8		74
Oct  9, 2025 15:22:02.308305000 +08	8.8.8.8	10.45.0.27		74
Oct  9, 2025 15:22:02.548762000 +08	10.45.0.27	8.8.8.8		64
Oct  9, 2025 15:22:02.570550000 +08	8.8.8.8	10.45.0.27		64
Oct  9, 2025 15:22:02.784978000 +08	10.45.0.27	8.8.8.8		86
Oct  9, 2025 15:22:02.803167000 +08	8.8.8.8	10.45.0.27		86
Oct  9, 2025 15:22:03.045394000 +08	10.45.0.27	8.8.8.8		76
Oct  9, 2025 15:22:03.073261000 +08	8.8.8.8	10.45.0.27		76
Oct  9, 2025 15:22:03.185246000 +08	10.45.0.27	8.8.8.8		114
Oct  9, 2025 15:22:03.222877000 +08	8.8.8.8	10.45.0.27		114
Oct  9, 2025 15:22:03.465278000 +08	10.45.0.27	8.8.8.8		80
Oct  9, 2025 15:22:03.493183000 +08	8.8.8.8	10.45.0.27		80
Oct  9, 2025 15:22:03.690535000 +08	10.45.0.27	8.8.8.8		105
Oct  9, 2025 15:22:03.703990000 +08	8.8.8.8	10.45.0.27		105
Oct  9, 2025 15:22:03.820485000 +08	10.45.0.27	8.8.8.8		111
Oct  9, 2025 15:22:03.847995000 +08	8.8.8.8	10.45.0.27		111
Oct  9, 2025 15:22:04.090823000 +08	10.45.0.27	8.8.8.8		88
Oct  9, 2025 15:22:04.113521000 +08	8.8.8.8	10.45.0.27		88
Oct  9, 2025 15:22:04.230091000 +08	10.45.0.27	8.8.8.8		62
Oct  9, 2025 15:22:04.263208000 +08	8.8.8.8	10.45.0.27		62
Oct  9, 2025 15:22:04.475956000 +08	10.45.0.27	8.8.8.8		80
Oct  9, 2025 15:22:04.493977000 +08	8.8.8.8	10.45.0.27		80
Oct  9, 2025 15:22:04.658924000 +08	10.45.0.27	8.8.8.8		87
Oct  9, 2025 15:22:04.676319000 +08	8.8.8.8	10.45.0.27		87
Oct  9, 2025 15:22:04.862818000 +08	10.45.0.27	8.8.8.8		73
Oct  9, 2025 15:22:04.887965000 +08	8.8.8.8	10.45.0.27		73
Oct  9, 2025 15:22:05.102245000 +08	10.45.0.27	8.8.8.8		76
Oct  9, 2025 15:22:05.123878000 +08	8.8.8.8	10.45.0.27		76
Oct  9, 2025 15:22:05.367341000 +08	10.45.0.27	8.8.8.8		107
Oct  9, 2025 15:22:05.382974000 +08	8.8.8.8	10.45.0.27		107
Oct  9, 2025 15:22:05.583210000 +08	10.45.0.27	8.8.8.8		99
Oct  9, 2025 15:22:05.599164000 +08	8.8.8.8	10.45.0.27		99
Oct  9, 2025 15:22:05.819559000 +08	10.45.0.27	8.8.8.8		73
Oct  9, 2025 15:22:05.835172000 +08	8.8.8.8	10.45.0.27		73
Oct  9, 2025 15:22:06.064148000 +08	10.45.0.27	8.8.8.8		102
Oct  9, 2025 15:22:06.080870000 +08	8.8.8.8	10.45.0.27		102
Oct  9, 2025 15:22:06.317579000 +08	10.45.0.27	8.8.8.8		94
Oct  9, 2025 15:22:06.335051000 +08	8.8.8.8	10.45.0.27		94
Oct  9, 2025 15:22:06.574547000 +08	10.45.0.27	8.8.8.8		101
Oct  9, 2025 15:22:06.594364000 +08	8.8.8.8	10.45.0.27		101
Oct  9, 2025 15:22:06.785238000 +08	10.45.0.27	8.8.8.8		66
Oct  9, 2025 15:22:06.808721000 +08	8.8.8.8	10.45.0.27		66
Oct  9, 2025 15:22:06.981654000 +08	10.45.0.27	8.8.8.8		118
Oct  9, 2025 15:22:07.000525000 +08	8.8.8.8	10.45.0.27		118
Oct  9, 2025 15:22:07.241126000 +08	10.45.0.27	8.8.8.8		100
Oct  9, 2025 15:22:07.269861000 +08	8.8.8.8	10.45.0.27		100
Oct  9, 2025 15:22:07.458455000 +08	10.45.0.27	8.8.8.8		113
Oct  9, 2025 15:22:07.474218000 +08	8.8.8.8	10.45.0.27		113
Oct  9, 2025 15:22:07.698948000 +08	10.45.0.27	8.8.8.8		83
Oct  9, 2025 15:22:07.714406000 +08	8.8.8.8	10.45.0.27		83
Oct  9, 2025 15:22:07.920319000 +08	10.45.0.27	8.8.8.8		116
Oct  9, 2025 15:22:07.941138000 +08	8.8.8.8	10.45.0.27		116
Oct  9, 2025 15:22:08.031501000 +08	10.45.0.27	8.8.8.8		63
Oct  9, 2025 15:22:08.060051000 +08	8.8.8.8	10.45.0.27		63
Oct  9, 2025 15:22:08.291665000 +08	10.45.0.27	8.8.8.8		84
Oct  9, 2025 15:22:08.312969000 +08	8.8.8.8	10.45.0.27		84
Oct  9, 2025 15:22:08.548479000 +08	10.45.0.27	8.8.8.8		60
Oct  9, 2025 15:22:08.577969000 +08	8.8.8.8	10.45.0.27		60
Oct  9, 2025 15:22:08.781143000 +08	10.45.0.27	8.8.8.8		124
Oct  9, 2025 15:22:08.809742000 +08	8.8.8.8	10.45.0.27		124
Oct  9, 2025 15:22:09.038585000 +08	10.45.0.27	8.8.8.8		98
Oct  9, 2025 15:22:09.054558000 +08	8.8.8.8	10.45.0.27		98
Oct  9, 2025 15:22:09.263434000 +08	10.45.0.27	8.8.8.8		114
Oct  9, 2025 15:22:09.287072000 +08	8.8.8.8	10.45.0.27		114
Oct  9, 2025 15:22:09.456481000 +08	10.45.0.27	8.8.8.8		109
Oct  9, 2025 15:22:09.473352000 +08	8.8.8.8	10.45.0.27		109
Oct  9, 2025 15:22:09.705580000 +08	10.45.0.27	8.8.8.8		119
Oct  9, 2025 15:22:09.729568000 +08	8.8.8.8	10.45.0.27		119
Oct  9, 2025 15:22:09.906450000 +08	10.45.0.27	8.8.8.8		111
Oct  9, 2025 15:22:09.925589000 +08	8.8.8.8	10.45.0.27		111
Oct  9, 2025 15:22:10.092321000 +08	10.45.0.27	8.8.8.8		68
Oct  9, 2025 15:22:10.116357000 +08	8.8.8.8	10.45.0.27		68
Oct  9, 2025 15:22:10.324879000 +08	10.45.0.27	8.8.8.8		62
Oct  9, 2025 15:22:10.354650000 +08	8.8.8.8	10.45.0.27		62
Oct  9, 2025 15:22:10.594491000 +08	10.45.0.27	8.8.8.8		77
Oct  9, 2025 15:22:10.613763000 +08	8.8.8.8	10.45.0.27		77
Oct  9, 2025 15:22:10.744088000 +08	10.45.0.27	8.8.8.8		102
Oct  9, 2025 15:22:10.763117000 +08	8.8.8.8	10.45.0.27		102
Oct  9, 2025 15:22:10.938518000 +08	10.45.0.27	8.8.8.8		85
Oct  9, 2025 15:22:10.963163000 +08	8.8.8.8	10.45.0.27		85
Oct  9, 2025 15:22:11.154619000 +08	10.45.0.27	8.8.8.8		69
Oct  9, 2025 15:22:11.183337000 +08	8.8.8.8	10.45.0.27		69
Oct  9, 2025 15:22:11.371119000 +08	10.45.0.27	8.8.8.8		111
Oct  9, 2025 15:22:11.388355000 +08	8.8.8.8	10.45.0.27		111
Oct  9, 2025 15:22:11.577799000 +08	10.45.0.27	8.8.8.8		80
Oct  9, 2025 15:22:11.594992000 +08	8.8.8.8	10.45.0.27		80
Oct  9, 2025 15:22:11.834184000 +08	10.45.0.27	8.8.8.8		76
Oct  9, 2025 15:22:11.854465000 +08	8.8.8.8	10.45.0.27		76
Oct  9, 2025 15:22:12.043243000 +08	10.45.0.27	8.8.8.8		84
Oct  9, 2025 15:22:12.071171000 +08	8.8.8.8	10.45.0.27		84
Oct  9, 2025 15:22:12.183976000 +08	10.45.0.27	8.8.8.8		76
Oct  9, 2025 15:22:12.203143000 +08	8.8.8.8	10.45.0.27		76
Oct  9, 2025 15:22:12.395903000 +08	10.45.0.27	8.8.8.8		103
Oct  9, 2025 15:22:12.422848000 +08	8.8.8.8	10.45.0.27		103
Oct  9, 2025 15:22:12.647902000 +08	10.45.0.27	8.8.8.8		88
Oct  9, 2025 15:22:12.667917000 +08	8.8.8.8	10.45.0.27		88
Oct  9, 2025 15:22:12.781739000 +08	10.45.0.27	8.8.8.8		102
Oct  9, 2025 15:22:12.798475000 +08	8.8.8.8	10.45.0.27		102
Oct  9, 2025 15:22:13.023930000 +08	10.45.0.27	8.8.8.8		80
Oct  9, 2025 15:22:13.051131000 +08	8.8.8.8	10.45.0.27		80
Oct  9, 2025 15:22:13.166213000 +08	10.45.0.27	8.8.8.8		61
Oct  9, 2025 15:22:13.183079000 +08	8.8.8.8	10.45.0.27		61
Oct  9, 2025 15:22:13.415786000 +08	10.45.0.27	8.8.8.8		123
Oct  9, 2025 15:22:13.434642000 +08	8.8.8.8	10.45.0.27		123
Oct  9, 2025 15:22:13.616207000 +08	10.45.0.27	8.8.8.8		71
Oct  9, 2025 15:22:13.635473000 +08	8.8.8.8	10.45.0.27		71
Oct  9, 2025 15:22:13.829694000 +08	10.45.0.27	8.8.8.8		108
Oct  9, 2025 15:22:13.848330000 +08	8.8.8.8	10.45.0.27		108
Oct  9, 2025 15:22:14.025785000 +08	10.45.0.27	8.8.8.8		81
Oct  9, 2025 15:22:14.042713000 +08	8.8.8.8	10.45.0.27		81
Oct  9, 2025 15:22:14.212960000 +08	10.45.0.27	8.8.8.8		78
Oct  9, 2025 15:22:14.227784000 +08	8.8.8.8	10.45.0.27		78
Oct  9, 2025 15:22:14.448065000 +08	10.45.0.27	8.8.8.8		101
Oct  9, 2025 15:22:14.472910000 +08	8.8.8.8	10.45.0.27		101
Oct  9, 2025 15:22:14.712852000 +08	10.45.0.27	8.8.8.8		89
Oct  9, 2025 15:22:14.733305000 +08	8.8.8.8	10.45.0.27		89
Oct  9, 2025 15:22:14.952271000 +08	10.45.0.27	8.8.8.8		78
Oct  9, 2025 15:22:14.969090000 +08	8.8.8.8	10.45.0.27		78
Oct  9, 2025 15:22:15.185328000 +08	10.45.0.27	8.8.8.8		74
Oct  9, 2025 15:22:15.200572000 +08	8.8.8.8	10.45.0.27		74
Oct  9, 2025 15:22:15.414138000 +08	10.45.0.27	8.8.8.8		83
Oct  9, 2025 15:22:15.427966000 +08	8.8.8.8	10.45.0.27		83
Oct  9, 2025 15:22:15.519522000 +08	10.45.0.27	8.8.8.8		75
Oct  9, 2025 15:22:15.535073000 +08	8.8.8.8	10.45.0.27		75
Oct  9, 2025 15:22:15.699890000 +08	10.45.0.27	8.8.8.8		110
Oct  9, 2025 15:22:15.718523000 +08	8.8.8.8	10.45.0.27		110
Oct  9, 2025 15:22:15.938148000 +08	10.45.0.27	8.8.8.8		91
Oct  9, 2025 15:22:15.958840000 +08	8.8.8.8	10.45.0.27		91
Oct  9, 2025 15:22:16.070479000 +08	10.45.0.27	8.8.8.8		70
Oct  9, 2025 15:22:16.098307000 +08	8.8.8.8	10.45.0.27		70
Oct  9, 2025 15:22:16.339975000 +08	10.45.0.27	8.8.8.8		71
Oct  9, 2025 15:22:16.360158000 +08	8.8.8.8	10.45.0.27		71
Oct  9, 2025 15:22:16.473297000 +08	10.45.0.27	8.8.8.8		65
Oct  9, 2025 15:22:16.494918000 +08	8.8.8.8	10.45.0.27		65
Oct  9, 2025 15:22:16.695608000 +08	10.45.0.27	8.8.8.8		80
Oct  9, 2025 15:22:16.714797000 +08	8.8.8.8	10.45.0.27		80
Oct  9, 2025 15:22:16.939737000 +08	10.45.0.27	8.8.8.8		65
Oct  9, 2025 15:22:16.954244000 +08	8.8.8.8	10.45.0.27		65
Oct  9, 2025 15:22:17.167732000 +08	10.45.0.27	8.8.8.8		74
Oct  9, 2025 15:22:17.184268000 +08	8.8.8.8	10.45.0.27		74
Oct  9, 2025 15:22:17.387922000 +08	10.45.0.27	8.8.8.8		103
Oct  9, 2025 15:22:17.405021000 +08	8.8.8.8	10.45.0.27		103
Oct  9, 2025 15:22:17.614134000 +08	10.45.0.27	8.8.8.8		83
Oct  9, 2025 15:22:17.628895000 +08	8.8.8.8	10.45.0.27		83
Oct  9, 2025 15:22:17.843211000 +08	10.45.0.27	8.8.8.8		66
Oct  9, 2025 15:22:17.860750000 +08	8.8.8.8	10.45.0.27		66
Oct  9, 2025 15:22:18.075728000 +08	10.45.0.27	8.8.8.8		118
Oct  9, 2025 15:22:18.095018000 +08	8.8.8.8	10.45.0.27		118
Oct  9, 2025 15:22:18.291807000 +08	10.45.0.27	8.8.8.8		67
Oct  9, 2025 15:22:18.310238000 +08	8.8.8.8	10.45.0.27		67
Oct  9, 2025 15:22:18.528529000 +08	10.45.0.27	8.8.8.8		120
Oct  9, 2025 15:22:18.543119000 +08	8.8.8.8	10.45.0.27		120
Oct  9, 2025 15:22:18.725159000 +08	10.45.0.27	8.8.8.8		94
Oct  9, 2025 15:22:18.744159000 +08	8.8.8.8	10.45.0.27		94
Oct  9, 2025 15:22:18.962028000 +08	10.45.0.27	8.8.8.8		97
Oct  9, 2025 15:22:18.980368000 +08	8.8.8.8	10.45.0.27		97
Oct  9, 2025 15:22:19.162611000 +08	10.45.0.27	8.8.8.8		110
Oct  9, 2025 15:22:19.179341000 +08	8.8.8.8	10.45.0.27		110
Oct  9, 2025 15:22:19.345967000 +08	10.45.0.27	8.8.8.8		101
Oct  9, 2025 15:22:19.371258000 +08	8.8.8.8	10.45.0.27		101
Oct  9, 2025 15:22:19.543760000 +08	10.45.0.27	8.8.8.8		61
Oct  9, 2025 15:22:19.560073000 +08	8.8.8.8	10.45.0.27		61
Oct  9, 2025 15:22:19.764814000 +08	10.45.0.27	8.8.8.8		92
Oct  9, 2025 15:22:19.782805000 +08	8.8.8.8	10.45.0.27		92
Oct  9, 2025 15:22:19.903101000 +08	10.45.0.27	8.8.8.8		80
Oct  9, 2025 15:22:19.925823000 +08	8.8.8.8	10.45.0.27		80
Oct  9, 2025 15:22:20.166929000 +08	10.45.0.27	8.8.8.8		77
Oct  9, 2025 15:22:20.189563000 +08	8.8.8.8	10.45.0.27		77
Oct  9, 2025 15:22:20.355352000 +08	10.45.0.27	8.8.8.8		110
Oct  9, 2025 15:22:20.376099000 +08	8.8.8.8	10.45.0.27		110
Oct  9, 2025 15:22:20.592981000 +08	10.45.0.27	8.8.8.8		79
Oct  9, 2025 15:22:20.620894000 +08	8.8.8.8	10.45.0.27		79
Oct  9, 2025 15:22:20.843339000 +08	10.45.0.27	8.8.8.8		118
Oct  9, 2025 15:22:20.859664000 +08	8.8.8.8	10.45.0.27		118
Oct  9, 2025 15:22:21.072537000 +08	10.45.0.27	8.8.8.8		105
Oct  9, 2025 15:22:21.088521000 +08	8.8.8.8	10.45.0.27		105
Oct  9, 2025 15:22:21.295769000 +08	10.45.0.27	8.8.8.8		100
Oct  9, 2025 15:22:21.314257000 +08	8.8.8.8	10.45.0.27		100
Oct  9, 2025 15:22:21.556890000 +08	10.45.0.27	8.8.8.8		65
Oct  9, 2025 15:22:21.574277000 +08	8.8.8.8	10.45.0.27		65
Oct  9, 2025 15:22:21.786201000 +08	10.45.0.27	8.8.8.8		101
Oct  9, 2025 15:22:21.802452000 +08	8.8.8.8	10.45.0.27		101
Oct  9, 2025 15:22:22.023701000 +08	10.45.0.27	8.8.8.8		88
Oct  9, 2025 15:22:22.043198000 +08	8.8.8.8	10.45.0.27		88
Oct  9, 2025 15:22:22.269127000 +08	10.45.0.27	8.8.8.8		72
Oct  9, 2025 15:22:22.286101000 +08	8.8.8.8	10.45.0.27		72
Oct  9, 2025 15:22:22.459279000 +08	10.45.0.27	8.8.8.8		103
Oct  9, 2025 15:22:22.481158000 +08	8.8.8.8	10.45.0.27		103
Oct  9, 2025 15:22:22.692296000 +08	10.45.0.27	8.8.8.8		76
Oct  9, 2025 15:22:22.709382000 +08	8.8.8.8	10.45.0.27		76
Oct  9, 2025 15:22:22.913321000 +08	10.45.0.27	8.8.8.8		86
Oct  9, 2025 15:22:22.933936000 +08	8.8.8.8	10.45.0.27		86
Oct  9, 2025 15:22:23.131655000 +08	10.45.0.27	8.8.8.8		104
Oct  9, 2025 15:22:23.148102000 +08	8.8.8.8	10.45.0.27		104
Oct  9, 2025 15:22:23.328206000 +08	10.45.0.27	8.8.8.8		63
Oct  9, 2025 15:22:23.342611000 +08	8.8.8.8	10.45.0.27		63
Oct  9, 2025 15:22:23.570508000 +08	10.45.0.27	8.8.8.8		81
Oct  9, 2025 15:22:23.601530000 +08	8.8.8.8	10.45.0.27		81
Oct  9, 2025 15:22:23.774151000 +08	10.45.0.27	8.8.8.8		123
Oct  9, 2025 15:22:23.788553000 +08	8.8.8.8	10.45.0.27		123
Oct  9, 2025 15:22:24.023900000 +08	10.45.0.27	8.8.8.8		83
Oct  9, 2025 15:22:24.040539000 +08	8.8.8.8	10.45.0.27		83
Oct  9, 2025 15:22:24.246591000 +08	10.45.0.27	8.8.8.8		69
Oct  9, 2025 15:22:24.272766000 +08	8.8.8.8	10.45.0.27		69
Oct  9, 2025 15:22:24.497447000 +08	10.45.0.27	8.8.8.8		100
Oct  9, 2025 15:22:24.514423000 +08	8.8.8.8	10.45.0.27		100
Oct  9, 2025 15:22:24.730567000 +08	10.45.0.27	8.8.8.8		97
Oct  9, 2025 15:22:24.743004000 +08	8.8.8.8	10.45.0.27		97
Oct  9, 2025 15:22:24.943201000 +08	10.45.0.27	8.8.8.8		98
Oct  9, 2025 15:22:24.958196000 +08	8.8.8.8	10.45.0.27		98
Oct  9, 2025 15:22:25.149212000 +08	10.45.0.27	8.8.8.8		72
Oct  9, 2025 15:22:25.168231000 +08	8.8.8.8	10.45.0.27		72
Oct  9, 2025 15:22:25.340946000 +08	10.45.0.27	8.8.8.8		113
Oct  9, 2025 15:22:25.358622000 +08	8.8.8.8	10.45.0.27		113
Oct  9, 2025 15:22:25.526885000 +08	10.45.0.27	8.8.8.8		117
Oct  9, 2025 15:22:25.544741000 +08	8.8.8.8	10.45.0.27		117
Oct  9, 2025 15:22:25.741221000 +08	10.45.0.27	8.8.8.8		117
Oct  9, 2025 15:22:25.760099000 +08	8.8.8.8	10.45.0.27		117
Oct  9, 2025 15:22:25.868445000 +08	10.45.0.27	8.8.8.8		71
Oct  9, 2025 15:22:25.894229000 +08	8.8.8.8	10.45.0.27		71
Oct  9, 2025 15:22:26.066611000 +08	10.45.0.27	8.8.8.8		113
Oct  9, 2025 15:22:26.089886000 +08	8.8.8.8	10.45.0.27		113
Oct  9, 2025 15:22:26.318581000 +08	10.45.0.27	8.8.8.8		102
Oct  9, 2025 15:22:26.339833000 +08	8.8.8.8	10.45.0.27		102
Oct  9, 2025 15:22:26.577133000 +08	10.45.0.27	8.8.8.8		98
Oct  9, 2025 15:22:26.603028000 +08	8.8.8.8	10.45.0.27		98
Oct  9, 2025 15:22:26.786322000 +08	10.45.0.27	8.8.8.8		123
Oct  9, 2025 15:22:26.808111000 +08	8.8.8.8	10.45.0.27		123
Oct  9, 2025 15:22:26.917747000 +08	10.45.0.27	8.8.8.8		110
Oct  9, 2025 15:22:26.932978000 +08	8.8.8.8	10.45.0.27		110
Oct  9, 2025 15:22:27.173969000 +08	10.45.0.27	8.8.8.8		100
Oct  9, 2025 15:22:27.200222000 +08	8.8.8.8	10.45.0.27		100
Oct  9, 2025 15:22:27.437998000 +08	10.45.0.27	8.8.8.8		91
Oct  9, 2025 15:22:27.452735000 +08	8.8.8.8	10.45.0.27		91
Oct  9, 2025 15:22:27.645128000 +08	10.45.0.27	8.8.8.8		98
Oct  9, 2025 15:22:27.673432000 +08	8.8.8.8	10.45.0.27		98
Oct  9, 2025 15:22:27.839162000 +08	10.45.0.27	8.8.8.8		88
Oct  9, 2025 15:22:27.857614000 +08	8.8.8.8	10.45.0.27		88
Oct  9, 2025 15:22:28.051795000 +08	10.45.0.27	8.8.8.8		93
Oct  9, 2025 15:22:28.071732000 +08	8.8.8.8	10.45.0.27		93
Oct  9, 2025 15:22:28.241314000 +08	10.45.0.27	8.8.8.8		82
Oct  9, 2025 15:22:28.258361000 +08	8.8.8.8	10.45.0.27		82
Oct  9, 2025 15:22:28.502708000 +08	10.45.0.27	8.8.8.8		97
Oct  9, 2025 15:22:28.527655000 +08	8.8.8.8	10.45.0.27		97
Oct  9, 2025 15:22:28.730082000 +08	10.45.0.27	8.8.8.8		108
Oct  9, 2025 15:22:28.752891000 +08	8.8.8.8	10.45.0.27		108
Oct  9, 2025 15:22:28.933419000 +08	10.45.0.27	8.8.8.8		73
Oct  9, 2025 15:22:28.948835000 +08	8.8.8.8	10.45.0.27		73
Oct  9, 2025 15:22:29.117320000 +08	10.45.0.27	8.8.8.8		107
Oct  9, 2025 15:22:29.144741000 +08	8.8.8.8	10.45.0.27		107
Oct  9, 2025 15:22:29.352548000 +08	10.45.0.27	8.8.8.8		87
Oct  9, 2025 15:22:29.378996000 +08	8.8.8.8	10.45.0.27		87
Oct  9, 2025 15:22:29.588226000 +08	10.45.0.27	8.8.8.8		80
Oct  9, 2025 15:22:29.605294000 +08	8.8.8.8	10.45.0.27		80
Oct  9, 2025 15:22:29.794144000 +08	10.45.0.27	8.8.8.8		86
Oct  9, 2025 15:22:29.814242000 +08	8.8.8.8	10.45.0.27		86
Oct  9, 2025 15:22:30.036646000 +08	10.45.0.27	8.8.8.8		101
Oct  9, 2025 15:22:30.055952000 +08	8.8.8.8	10.45.0.27		101
Oct  9, 2025 15:22:30.163868000 +08	10.45.0.27	8.8.8.8		92
Oct  9, 2025 15:22:30.178565000 +08	8.8.8.8	10.45.0.27		92
Oct  9, 2025 15:22:30.362585000 +08	10.45.0.27	8.8.8.8		122
Oct  9, 2025 15:22:30.380110000 +08	8.8.8.8	10.45.0.27		122
Oct  9, 2025 15:22:30.571482000 +08	10.45.0.27	8.8.8.8		108
Oct  9, 2025 15:22:30.588749000 +08	8.8.8.8	10.45.0.27		108
Oct  9, 2025 15:22:30.825078000 +08	10.45.0.27	8.8.8.8		97
Oct  9, 2025 15:22:30.849068000 +08	8.8.8.8	10.45.0.27		97
Oct  9, 2025 15:22:31.031245000 +08	10.45.0.27	8.8.8.8		77
Oct  9, 2025 15:22:31.050850000 +08	8.8.8.8	10.45.0.27		77
Oct  9, 2025 15:22:31.255091000 +08	10.45.0.27	8.8.8.8		116
Oct  9, 2025 15:22:31.275354000 +08	8.8.8.8	10.45.0.27		116
Oct  9, 2025 15:22:31.517998000 +08	10.45.0.27	8.8.8.8		92
Oct  9, 2025 15:22:31.542816000 +08	8.8.8.8	10.45.0.27		92
Oct  9, 2025 15:22:31.781079000 +08	10.45.0.27	8.8.8.8		74
Oct  9, 2025 15:22:31.800486000 +08	8.8.8.8	10.45.0.27		74
Oct  9, 2025 15:22:32.014513000 +08	10.45.0.27	8.8.8.8		86
Oct  9, 2025 15:22:32.033033000 +08	8.8.8.8	10.45.0.27		86
Oct  9, 2025 15:22:32.268730000 +08	10.45.0.27	8.8.8.8		124
Oct  9, 2025 15:22:32.286445000 +08	8.8.8.8	10.45.0.27		124
Oct  9, 2025 15:22:32.495687000 +08	10.45.0.27	8.8.8.8		84
Oct  9, 2025 15:22:32.516188000 +08	8.8.8.8	10.45.0.27		84
Oct  9, 2025 15:22:32.735065000 +08	10.45.0.27	8.8.8.8		88
Oct  9, 2025 15:22:32.754729000 +08	8.8.8.8	10.45.0.27		88
Oct  9, 2025 15:22:32.923172000 +08	10.45.0.27	8.8.8.8		108
Oct  9, 2025 15:22:32.946811000 +08	8.8.8.8	10.45.0.27		108
Oct  9, 2025 15:22:33.133605000 +08	10.45.0.27	8.8.8.8		65
Oct  9, 2025 15:22:33.150228000 +08	8.8.8.8	10.45.0.27		65
Oct  9, 2025 15:22:33.246422000 +08	10.45.0.27	8.8.8.8		103
Oct  9, 2025 15:22:33.264949000 +08	8.8.8.8	10.45.0.27		103
Oct  9, 2025 15:22:33.460885000 +08	10.45.0.27	8.8.8.8		116
Oct  9, 2025 15:22:33.480226000 +08	8.8.8.8	10.45.0.27		116
Oct  9, 2025 15:22:33.678098000 +08	10.45.0.27	8.8.8.8		66
Oct  9, 2025 15:22:33.699207000 +08	8.8.8.8	10.45.0.27		66
Oct  9, 2025 15:22:33.895148000 +08	10.45.0.27	8.8.8.8		67
Oct  9, 2025 15:22:33.914853000 +08	8.8.8.8	10.45.0.27		67
Oct  9, 2025 15:22:34.155956000 +08	10.45.0.27	8.8.8.8		102
Oct  9, 2025 15:22:34.177426000 +08	8.8.8.8	10.45.0.27		102
Oct  9, 2025 15:22:34.374367000 +08	10.45.0.27	8.8.8.8		77
Oct  9, 2025 15:22:34.396274000 +08	8.8.8.8	10.45.0.27		77
Oct  9, 2025 15:22:34.597068000 +08	10.45.0.27	8.8.8.8		78
Oct  9, 2025 15:22:34.612968000 +08	8.8.8.8	10.45.0.27		78
Oct  9, 2025 15:22:34.800508000 +08	10.45.0.27	8.8.8.8		72
Oct  9, 2025 15:22:34.820438000 +08	8.8.8.8	10.45.0.27		72
Oct  9, 2025 15:22:35.039089000 +08	10.45.0.27	8.8.8.8		109
Oct  9, 2025 15:22:35.055855000 +08	8.8.8.8	10.45.0.27		109
Oct  9, 2025 15:22:35.290164000 +08	10.45.0.27	8.8.8.8		63
Oct  9, 2025 15:22:35.320763000 +08	8.8.8.8	10.45.0.27		63
Oct  9, 2025 15:22:35.514081000 +08	10.45.0.27	8.8.8.8		72
Oct  9, 2025 15:22:35.538252000 +08	8.8.8.8	10.45.0.27		72
Oct  9, 2025 15:22:35.733209000 +08	10.45.0.27	8.8.8.8		67
Oct  9, 2025 15:22:35.757948000 +08	8.8.8.8	10.45.0.27		67
Oct  9, 2025 15:22:35.996503000 +08	10.45.0.27	8.8.8.8		84
Oct  9, 2025 15:22:36.019710000 +08	8.8.8.8	10.45.0.27		84
Oct  9, 2025 15:22:36.256532000 +08	10.45.0.27	8.8.8.8		94
Oct  9, 2025 15:22:36.274157000 +08	8.8.8.8	10.45.0.27		94
Oct  9, 2025 15:22:36.517223000 +08	10.45.0.27	8.8.8.8		99
Oct  9, 2025 15:22:36.534081000 +08	8.8.8.8	10.45.0.27		99
Oct  9, 2025 15:22:36.703634000 +08	10.45.0.27	8.8.8.8		124
Oct  9, 2025 15:22:36.729516000 +08	8.8.8.8	10.45.0.27		124
Oct  9, 2025 15:22:36.897857000 +08	10.45.0.27	8.8.8.8		62
Oct  9, 2025 15:22:36.912932000 +08	8.8.8.8	10.45.0.27		62
Oct  9, 2025 15:22:37.013301000 +08	10.45.0.27	8.8.8.8		89
Oct  9, 2025 15:22:37.033375000 +08	8.8.8.8	10.45.0.27		89
Oct  9, 2025 15:22:37.274638000 +08	10.45.0.27	8.8.8.8		78
Oct  9, 2025 15:22:37.297912000 +08	8.8.8.8	10.45.0.27		78
Oct  9, 2025 15:22:37.540490000 +08	10.45.0.27	8.8.8.8		76
Oct  9, 2025 15:22:37.567470000 +08	8.8.8.8	10.45.0.27		76
Oct  9, 2025 15:22:37.758147000 +08	10.45.0.27	8.8.8.8		122
Oct  9, 2025 15:22:37.784296000 +08	8.8.8.8	10.45.0.27		122
Oct  9, 2025 15:22:37.964093000 +08	10.45.0.27	8.8.8.8		79
Oct  9, 2025 15:22:37.984967000 +08	8.8.8.8	10.45.0.27		79
Oct  9, 2025 15:22:38.222422000 +08	10.45.0.27	8.8.8.8		98
Oct  9, 2025 15:22:38.247534000 +08	8.8.8.8	10.45.0.27		98
Oct  9, 2025 15:22:38.458060000 +08	10.45.0.27	8.8.8.8		94
Oct  9, 2025 15:22:38.474462000 +08	8.8.8.8	10.45.0.27		94
Oct  9, 2025 15:22:38.665560000 +08	10.45.0.27	8.8.8.8		91
Oct  9, 2025 15:22:38.688634000 +08	8.8.8.8	10.45.0.27		91
Oct  9, 2025 15:22:38.924115000 +08	10.45.0.27	8.8.8.8		83
Oct  9, 2025 15:22:38.947544000 +08	8.8.8.8	10.45.0.27		83
Oct  9, 2025 15:22:39.165161000 +08	10.45.0.27	8.8.8.8		111
Oct  9, 2025 15:22:39.184478000 +08	8.8.8.8	10.45.0.27		111
Oct  9, 2025 15:22:39.353177000 +08	10.45.0.27	8.8.8.8		86
Oct  9, 2025 15:22:39.375113000 +08	8.8.8.8	10.45.0.27		86
Oct  9, 2025 15:22:39.577466000 +08	10.45.0.27	8.8.8.8		110
Oct  9, 2025 15:22:39.592939000 +08	8.8.8.8	10.45.0.27		110
Oct  9, 2025 15:22:39.835308000 +08	10.45.0.27	8.8.8.8		118
Oct  9, 2025 15:22:39.852996000 +08	8.8.8.8	10.45.0.27		118
Oct  9, 2025 15:22:40.074169000 +08	10.45.0.27	8.8.8.8		66
Oct  9, 2025 15:22:40.094734000 +08	8.8.8.8	10.45.0.27		66
Oct  9, 2025 15:22:40.306250000 +08	10.45.0.27	8.8.8.8		95
Oct  9, 2025 15:22:40.325086000 +08	8.8.8.8	10.45.0.27		95
Oct  9, 2025 15:22:40.551516000 +08	10.45.0.27	8.8.8.8		108
Oct  9, 2025 15:22:40.568349000 +08	8.8.8.8	10.45.0.27		108
Oct  9, 2025 15:22:40.657591000 +08	10.45.0.27	8.8.8.8		99
Oct  9, 2025 15:22:40.684828000 +08	8.8.8.8	10.45.0.27		99
Oct  9, 2025 15:22:40.887469000 +08	10.45.0.27	8.8.8.8		114
Oct  9, 2025 15:22:40.908541000 +08	8.8.8.8	10.45.0.27		114
Oct  9, 2025 15:22:41.084756000 +08	10.45.0.27	8.8.8.8		87
Oct  9, 2025 15:22:41.104274000 +08	8.8.8.8	10.45.0.27		87
Oct  9, 2025 15:22:41.277893000 +08	10.45.0.27	8.8.8.8		103
Oct  9, 2025 15:22:41.292989000 +08	8.8.8.8	10.45.0.27		103
Oct  9, 2025 15:22:41.463116000 +08	10.45.0.27	8.8.8.8		74
Oct  9, 2025 15:22:41.492904000 +08	8.8.8.8	10.45.0.27		74
Oct  9, 2025 15:22:41.728650000 +08	10.45.0.27	8.8.8.8		95
Oct  9, 2025 15:22:41.757441000 +08	8.8.8.8	10.45.0.27		95
Oct  9, 2025 15:22:41.981445000 +08	10.45.0.27	8.8.8.8		93
Oct  9, 2025 15:22:42.000804000 +08	8.8.8.8	10.45.0.27		93
Oct  9, 2025 15:22:42.205521000 +08	10.45.0.27	8.8.8.8		96
Oct  9, 2025 15:22:42.222904000 +08	8.8.8.8	10.45.0.27		96
Oct  9, 2025 15:22:42.404679000 +08	10.45.0.27	8.8.8.8		99
Oct  9, 2025 15:22:42.418849000 +08	8.8.8.8	10.45.0.27		99
Oct  9, 2025 15:22:42.536662000 +08	10.45.0.27	8.8.8.8		78
Oct  9, 2025 15:22:42.557388000 +08	8.8.8.8	10.45.0.27		78
Oct  9, 2025 15:22:42.780239000 +08	10.45.0.27	8.8.8.8		93
Oct  9, 2025 15:22:42.803004000 +08	8.8.8.8	10.45.0.27		93
Oct  9, 2025 15:22:43.002659000 +08	10.45.0.27	8.8.8.8		69
Oct  9, 2025 15:22:43.027402000 +08	8.8.8.8	10.45.0.27		69
Oct  9, 2025 15:22:43.223471000 +08	10.45.0.27	8.8.8.8		118
Oct  9, 2025 15:22:43.247523000 +08	8.8.8.8	10.45.0.27		118
Oct  9, 2025 15:22:43.353857000 +08	10.45.0.27	8.8.8.8		102
Oct  9, 2025 15:22:43.373086000 +08	8.8.8.8	10.45.0.27		102
Oct  9, 2025 15:22:43.553729000 +08	10.45.0.27	8.8.8.8		64
Oct  9, 2025 15:22:43.568278000 +08	8.8.8.8	10.45.0.27		64
Oct  9, 2025 15:22:43.788600000 +08	10.45.0.27	8.8.8.8		99
Oct  9, 2025 15:22:43.807685000 +08	8.8.8.8	10.45.0.27		99
Oct  9, 2025 15:22:43.987867000 +08	10.45.0.27	8.8.8.8		104
Oct  9, 2025 15:22:44.004563000 +08	8.8.8.8	10.45.0.27		104
Oct  9, 2025 15:22:44.231241000 +08	10.45.0.27	8.8.8.8		68
Oct  9, 2025 15:22:44.247499000 +08	8.8.8.8	10.45.0.27		68
Oct  9, 2025 15:22:44.485978000 +08	10.45.0.27	8.8.8.8		90
Oct  9, 2025 15:22:44.516254000 +08	8.8.8.8	10.45.0.27		90
Oct  9, 2025 15:22:44.724431000 +08	10.45.0.27	8.8.8.8		77
Oct  9, 2025 15:22:44.742300000 +08	8.8.8.8	10.45.0.27		77
Oct  9, 2025 15:22:44.914559000 +08	10.45.0.27	8.8.8.8		113
Oct  9, 2025 15:22:44.939330000 +08	8.8.8.8	10.45.0.27		113
Oct  9, 2025 15:22:45.121085000 +08	10.45.0.27	8.8.8.8		114
Oct  9, 2025 15:22:45.150283000 +08	8.8.8.8	10.45.0.27		114
Oct  9, 2025 15:22:45.374348000 +08	10.45.0.27	8.8.8.8		91
Oct  9, 2025 15:22:45.449628000 +08	8.8.8.8	10.45.0.27		91
Oct  9, 2025 15:22:45.623337000 +08	10.45.0.27	8.8.8.8		95
Oct  9, 2025 15:22:45.641667000 +08	8.8.8.8	10.45.0.27		95
Oct  9, 2025 15:22:45.882233000 +08	10.45.0.27	8.8.8.8		63
Oct  9, 2025 15:22:45.899254000 +08	8.8.8.8	10.45.0.27		63
Oct  9, 2025 15:22:46.010414000 +08	10.45.0.27	8.8.8.8		84
Oct  9, 2025 15:22:46.038323000 +08	8.8.8.8	10.45.0.27		84
Oct  9, 2025 15:22:46.275222000 +08	10.45.0.27	8.8.8.8		88
Oct  9, 2025 15:22:46.297670000 +08	8.8.8.8	10.45.0.27		88
Oct  9, 2025 15:22:46.477455000 +08	10.45.0.27	8.8.8.8		90
Oct  9, 2025 15:22:46.494916000 +08	8.8.8.8	10.45.0.27		90
Oct  9, 2025 15:22:46.682787000 +08	10.45.0.27	8.8.8.8		99
Oct  9, 2025 15:22:46.698838000 +08	8.8.8.8	10.45.0.27		99
Oct  9, 2025 15:22:46.918232000 +08	10.45.0.27	8.8.8.8		102
Oct  9, 2025 15:22:46.934856000 +08	8.8.8.8	10.45.0.27		102
Oct  9, 2025 15:22:47.117360000 +08	10.45.0.27	8.8.8.8		67
Oct  9, 2025 15:22:47.132890000 +08	8.8.8.8	10.45.0.27		67
Oct  9, 2025 15:22:47.330331000 +08	10.45.0.27	8.8.8.8		117
Oct  9, 2025 15:22:47.342864000 +08	8.8.8.8	10.45.0.27		117
Oct  9, 2025 15:22:47.508706000 +08	10.45.0.27	8.8.8.8		87
Oct  9, 2025 15:22:47.522905000 +08	8.8.8.8	10.45.0.27		87
Oct  9, 2025 15:22:47.721870000 +08	10.45.0.27	8.8.8.8		86
Oct  9, 2025 15:22:47.740866000 +08	8.8.8.8	10.45.0.27		86
Oct  9, 2025 15:22:47.932927000 +08	10.45.0.27	8.8.8.8		70
Oct  9, 2025 15:22:47.948731000 +08	8.8.8.8	10.45.0.27		70
Oct  9, 2025 15:22:48.036232000 +08	10.45.0.27	8.8.8.8		85
Oct  9, 2025 15:22:48.067107000 +08	8.8.8.8	10.45.0.27		85
Oct  9, 2025 15:22:48.271619000 +08	10.45.0.27	8.8.8.8		82
Oct  9, 2025 15:22:48.292860000 +08	8.8.8.8	10.45.0.27		82
Oct  9, 2025 15:22:48.517301000 +08	10.45.0.27	8.8.8.8		76
Oct  9, 2025 15:22:48.548073000 +08	8.8.8.8	10.45.0.27		76
Oct  9, 2025 15:22:48.722250000 +08	10.45.0.27	8.8.8.8		105
Oct  9, 2025 15:22:48.744749000 +08	8.8.8.8	10.45.0.27		105
Oct  9, 2025 15:22:48.975281000 +08	10.45.0.27	8.8.8.8		96
Oct  9, 2025 15:22:48.994000000 +08	8.8.8.8	10.45.0.27		96
Oct  9, 2025 15:22:49.172274000 +08	10.45.0.27	8.8.8.8		63
Oct  9, 2025 15:22:49.198564000 +08	8.8.8.8	10.45.0.27		63
Oct  9, 2025 15:22:49.382177000 +08	10.45.0.27	8.8.8.8		100
Oct  9, 2025 15:22:49.401322000 +08	8.8.8.8	10.45.0.27		100
Oct  9, 2025 15:22:49.577240000 +08	10.45.0.27	8.8.8.8		64
Oct  9, 2025 15:22:49.597786000 +08	8.8.8.8	10.45.0.27		64
Oct  9, 2025 15:22:49.773690000 +08	10.45.0.27	8.8.8.8		99
Oct  9, 2025 15:22:49.789775000 +08	8.8.8.8	10.45.0.27		99
Oct  9, 2025 15:22:50.015165000 +08	10.45.0.27	8.8.8.8		114
Oct  9, 2025 15:22:50.038822000 +08	8.8.8.8	10.45.0.27		114
Oct  9, 2025 15:22:50.264125000 +08	10.45.0.27	8.8.8.8		85
Oct  9, 2025 15:22:50.280573000 +08	8.8.8.8	10.45.0.27		85
Oct  9, 2025 15:22:50.506203000 +08	10.45.0.27	8.8.8.8		84
Oct  9, 2025 15:22:50.524692000 +08	8.8.8.8	10.45.0.27		84
Oct  9, 2025 15:22:50.739426000 +08	10.45.0.27	8.8.8.8		116
Oct  9, 2025 15:22:50.757971000 +08	8.8.8.8	10.45.0.27		116
Oct  9, 2025 15:22:51.001750000 +08	10.45.0.27	8.8.8.8		73
Oct  9, 2025 15:22:51.018374000 +08	8.8.8.8	10.45.0.27		73
Oct  9, 2025 15:22:51.201433000 +08	10.45.0.27	8.8.8.8		85
Oct  9, 2025 15:22:51.217156000 +08	8.8.8.8	10.45.0.27		85
Oct  9, 2025 15:22:51.440747000 +08	10.45.0.27	8.8.8.8		80
Oct  9, 2025 15:22:51.460262000 +08	8.8.8.8	10.45.0.27		80
Oct  9, 2025 15:22:51.658125000 +08	10.45.0.27	8.8.8.8		108
Oct  9, 2025 15:22:51.676377000 +08	8.8.8.8	10.45.0.27		108
Oct  9, 2025 15:22:51.894104000 +08	10.45.0.27	8.8.8.8		95
Oct  9, 2025 15:22:51.914084000 +08	8.8.8.8	10.45.0.27		95
Oct  9, 2025 15:22:52.147272000 +08	10.45.0.27	8.8.8.8		94
Oct  9, 2025 15:22:52.167367000 +08	8.8.8.8	10.45.0.27		94
Oct  9, 2025 15:22:52.376294000 +08	10.45.0.27	8.8.8.8		66
Oct  9, 2025 15:22:52.396091000 +08	8.8.8.8	10.45.0.27		66
Oct  9, 2025 15:22:52.579586000 +08	10.45.0.27	8.8.8.8		84
Oct  9, 2025 15:22:52.598365000 +08	8.8.8.8	10.45.0.27		84
Oct  9, 2025 15:22:52.770239000 +08	10.45.0.27	8.8.8.8		100
Oct  9, 2025 15:22:52.790102000 +08	8.8.8.8	10.45.0.27		100
Oct  9, 2025 15:22:52.963325000 +08	10.45.0.27	8.8.8.8		86
Oct  9, 2025 15:22:52.987848000 +08	8.8.8.8	10.45.0.27		86
Oct  9, 2025 15:22:53.211461000 +08	10.45.0.27	8.8.8.8		79
Oct  9, 2025 15:22:53.228756000 +08	8.8.8.8	10.45.0.27		79
Oct  9, 2025 15:22:53.464800000 +08	10.45.0.27	8.8.8.8		118
Oct  9, 2025 15:22:53.492850000 +08	8.8.8.8	10.45.0.27		118
Oct  9, 2025 15:22:53.669310000 +08	10.45.0.27	8.8.8.8		89
Oct  9, 2025 15:22:53.710495000 +08	8.8.8.8	10.45.0.27		89
Oct  9, 2025 15:22:53.944782000 +08	10.45.0.27	8.8.8.8		118
Oct  9, 2025 15:22:53.972893000 +08	8.8.8.8	10.45.0.27		118
Oct  9, 2025 15:22:54.155708000 +08	10.45.0.27	8.8.8.8		64
Oct  9, 2025 15:22:54.172873000 +08	8.8.8.8	10.45.0.27		64
Oct  9, 2025 15:22:54.292087000 +08	10.45.0.27	8.8.8.8		120
Oct  9, 2025 15:22:54.318479000 +08	8.8.8.8	10.45.0.27		120
Oct  9, 2025 15:22:54.506501000 +08	10.45.0.27	8.8.8.8		77
Oct  9, 2025 15:22:54.522678000 +08	8.8.8.8	10.45.0.27		77
Oct  9, 2025 15:22:54.701273000 +08	10.45.0.27	8.8.8.8		65
Oct  9, 2025 15:22:54.721102000 +08	8.8.8.8	10.45.0.27		65
Oct  9, 2025 15:22:54.935487000 +08	10.45.0.27	8.8.8.8		98
Oct  9, 2025 15:22:54.954774000 +08	8.8.8.8	10.45.0.27		98
Oct  9, 2025 15:22:55.196452000 +08	10.45.0.27	8.8.8.8		88
Oct  9, 2025 15:22:55.212797000 +08	8.8.8.8	10.45.0.27		88
Oct  9, 2025 15:22:55.407245000 +08	10.45.0.27	8.8.8.8		113
Oct  9, 2025 15:22:55.427979000 +08	8.8.8.8	10.45.0.27		113
Oct  9, 2025 15:22:55.608497000 +08	10.45.0.27	8.8.8.8		92
Oct  9, 2025 15:22:55.624842000 +08	8.8.8.8	10.45.0.27		92
Oct  9, 2025 15:22:55.742694000 +08	10.45.0.27	8.8.8.8		76
Oct  9, 2025 15:22:55.757215000 +08	8.8.8.8	10.45.0.27		76
Oct  9, 2025 15:22:55.977856000 +08	10.45.0.27	8.8.8.8		91
Oct  9, 2025 15:22:55.997512000 +08	8.8.8.8	10.45.0.27		91
Oct  9, 2025 15:22:56.176271000 +08	10.45.0.27	8.8.8.8		120
Oct  9, 2025 15:22:56.194915000 +08	8.8.8.8	10.45.0.27		120
Oct  9, 2025 15:22:56.418164000 +08	10.45.0.27	8.8.8.8		102
Oct  9, 2025 15:22:56.434792000 +08	8.8.8.8	10.45.0.27		102
Oct  9, 2025 15:22:56.620456000 +08	10.45.0.27	8.8.8.8		112
Oct  9, 2025 15:22:56.640301000 +08	8.8.8.8	10.45.0.27		112
Oct  9, 2025 15:22:56.862759000 +08	10.45.0.27	8.8.8.8		123
Oct  9, 2025 15:22:56.880323000 +08	8.8.8.8	10.45.0.27		123
Oct  9, 2025 15:22:57.122081000 +08	10.45.0.27	8.8.8.8		78
Oct  9, 2025 15:22:57.148940000 +08	8.8.8.8	10.45.0.27		78
Oct  9, 2025 15:22:57.361887000 +08	10.45.0.27	8.8.8.8		88
Oct  9, 2025 15:22:57.378376000 +08	8.8.8.8	10.45.0.27		88
Oct  9, 2025 15:22:57.484088000 +08	10.45.0.27	8.8.8.8		73
Oct  9, 2025 15:22:57.504215000 +08	8.8.8.8	10.45.0.27		73
Oct  9, 2025 15:22:57.738909000 +08	10.45.0.27	8.8.8.8		105
Oct  9, 2025 15:22:57.757712000 +08	8.8.8.8	10.45.0.27		105
Oct  9, 2025 15:22:57.985110000 +08	10.45.0.27	8.8.8.8		75
Oct  9, 2025 15:22:58.012143000 +08	8.8.8.8	10.45.0.27		75
Oct  9, 2025 15:22:58.233086000 +08	10.45.0.27	8.8.8.8		67
Oct  9, 2025 15:22:58.247661000 +08	8.8.8.8	10.45.0.27		67
Oct  9, 2025 15:22:58.448188000 +08	10.45.0.27	8.8.8.8		84
Oct  9, 2025 15:22:58.482864000 +08	8.8.8.8	10.45.0.27		84
Oct  9, 2025 15:22:58.682600000 +08	10.45.0.27	8.8.8.8		76
Oct  9, 2025 15:22:58.700102000 +08	8.8.8.8	10.45.0.27		76
Oct  9, 2025 15:22:58.894169000 +08	10.45.0.27	8.8.8.8		95
Oct  9, 2025 15:22:58.912652000 +08	8.8.8.8	10.45.0.27		95
Oct  9, 2025 15:22:59.111204000 +08	10.45.0.27	8.8.8.8		119
Oct  9, 2025 15:22:59.128003000 +08	8.8.8.8	10.45.0.27		119
Oct  9, 2025 15:22:59.358177000 +08	10.45.0.27	8.8.8.8		88
Oct  9, 2025 15:22:59.378805000 +08	8.8.8.8	10.45.0.27		88
Oct  9, 2025 15:22:59.563678000 +08	10.45.0.27	8.8.8.8		100
Oct  9, 2025 15:22:59.578242000 +08	8.8.8.8	10.45.0.27		100
Oct  9, 2025 15:22:59.812508000 +08	10.45.0.27	8.8.8.8		61
Oct  9, 2025 15:22:59.827587000 +08	8.8.8.8	10.45.0.27		61
Oct  9, 2025 15:23:00.040663000 +08	10.45.0.27	8.8.8.8		66
Oct  9, 2025 15:23:00.069422000 +08	8.8.8.8	10.45.0.27		66
Oct  9, 2025 15:23:00.313099000 +08	10.45.0.27	8.8.8.8		70
Oct  9, 2025 15:23:00.327384000 +08	8.8.8.8	10.45.0.27		70
Oct  9, 2025 15:23:00.496710000 +08	10.45.0.27	8.8.8.8		63
Oct  9, 2025 15:23:00.534296000 +08	8.8.8.8	10.45.0.27		63
Oct  9, 2025 15:23:00.753323000 +08	10.45.0.27	8.8.8.8		96
Oct  9, 2025 15:23:00.779890000 +08	8.8.8.8	10.45.0.27		96
Oct  9, 2025 15:23:00.964658000 +08	10.45.0.27	8.8.8.8		75
Oct  9, 2025 15:23:00.978678000 +08	8.8.8.8	10.45.0.27		75
Oct  9, 2025 15:23:01.187483000 +08	10.45.0.27	8.8.8.8		122
Oct  9, 2025 15:23:01.204104000 +08	8.8.8.8	10.45.0.27		122
Oct  9, 2025 15:23:01.410823000 +08	10.45.0.27	8.8.8.8		98
Oct  9, 2025 15:23:01.433070000 +08	8.8.8.8	10.45.0.27		98
Oct  9, 2025 15:23:01.639755000 +08	10.45.0.27	8.8.8.8		90
Oct  9, 2025 15:23:01.660418000 +08	8.8.8.8	10.45.0.27		90
Oct  9, 2025 15:23:01.886928000 +08	10.45.0.27	8.8.8.8		104
Oct  9, 2025 15:23:01.902764000 +08	8.8.8.8	10.45.0.27		104
Oct  9, 2025 15:23:02.082729000 +08	10.45.0.27	8.8.8.8		103
Oct  9, 2025 15:23:02.105453000 +08	8.8.8.8	10.45.0.27		103
Oct  9, 2025 15:23:02.325185000 +08	10.45.0.27	8.8.8.8		83
Oct  9, 2025 15:23:02.343626000 +08	8.8.8.8	10.45.0.27		83
Oct  9, 2025 15:23:02.559429000 +08	10.45.0.27	8.8.8.8		85
Oct  9, 2025 15:23:02.587714000 +08	8.8.8.8	10.45.0.27		85
Oct  9, 2025 15:23:02.812628000 +08	10.45.0.27	8.8.8.8		93
Oct  9, 2025 15:23:02.839965000 +08	8.8.8.8	10.45.0.27		93
Oct  9, 2025 15:23:03.027162000 +08	10.45.0.27	8.8.8.8		115
Oct  9, 2025 15:23:03.048333000 +08	8.8.8.8	10.45.0.27		115
Oct  9, 2025 15:23:03.282162000 +08	10.45.0.27	8.8.8.8		101
Oct  9, 2025 15:23:03.300753000 +08	8.8.8.8	10.45.0.27		101
Oct  9, 2025 15:23:03.470481000 +08	10.45.0.27	8.8.8.8		94
Oct  9, 2025 15:23:03.488990000 +08	8.8.8.8	10.45.0.27		94
Oct  9, 2025 15:23:03.592286000 +08	10.45.0.27	8.8.8.8		89
Oct  9, 2025 15:23:03.617451000 +08	8.8.8.8	10.45.0.27		89
Oct  9, 2025 15:23:03.844404000 +08	10.45.0.27	8.8.8.8		110
Oct  9, 2025 15:23:03.872825000 +08	8.8.8.8	10.45.0.27		110
Oct  9, 2025 15:23:04.111064000 +08	10.45.0.27	8.8.8.8		102
Oct  9, 2025 15:23:04.142205000 +08	8.8.8.8	10.45.0.27		102
Oct  9, 2025 15:23:04.361228000 +08	10.45.0.27	8.8.8.8		69
Oct  9, 2025 15:23:04.378066000 +08	8.8.8.8	10.45.0.27		69
Oct  9, 2025 15:23:04.559231000 +08	10.45.0.27	8.8.8.8		94
Oct  9, 2025 15:23:04.577968000 +08	8.8.8.8	10.45.0.27		94
Oct  9, 2025 15:23:04.763458000 +08	10.45.0.27	8.8.8.8		107
Oct  9, 2025 15:23:04.777955000 +08	8.8.8.8	10.45.0.27		107
Oct  9, 2025 15:23:05.010962000 +08	10.45.0.27	8.8.8.8		74
Oct  9, 2025 15:23:05.035668000 +08	8.8.8.8	10.45.0.27		74
Oct  9, 2025 15:23:05.213476000 +08	10.45.0.27	8.8.8.8		84
Oct  9, 2025 15:23:05.232959000 +08	8.8.8.8	10.45.0.27		84
Oct  9, 2025 15:23:05.429706000 +08	10.45.0.27	8.8.8.8		68
Oct  9, 2025 15:23:05.450690000 +08	8.8.8.8	10.45.0.27		68
Oct  9, 2025 15:23:05.680121000 +08	10.45.0.27	8.8.8.8		117
Oct  9, 2025 15:23:05.702826000 +08	8.8.8.8	10.45.0.27		117
Oct  9, 2025 15:23:05.903632000 +08	10.45.0.27	8.8.8.8		71
Oct  9, 2025 15:23:05.918098000 +08	8.8.8.8	10.45.0.27		71
Oct  9, 2025 15:23:06.156260000 +08	10.45.0.27	8.8.8.8		83
Oct  9, 2025 15:23:06.174180000 +08	8.8.8.8	10.45.0.27		83
Oct  9, 2025 15:23:06.345709000 +08	10.45.0.27	8.8.8.8		102
Oct  9, 2025 15:23:06.369676000 +08	8.8.8.8	10.45.0.27		102
Oct  9, 2025 15:23:06.574201000 +08	10.45.0.27	8.8.8.8		67
Oct  9, 2025 15:23:06.593907000 +08	8.8.8.8	10.45.0.27		67
Oct  9, 2025 15:23:06.780295000 +08	10.45.0.27	8.8.8.8		63
Oct  9, 2025 15:23:06.799936000 +08	8.8.8.8	10.45.0.27		63
Oct  9, 2025 15:23:06.891975000 +08	10.45.0.27	8.8.8.8		96
Oct  9, 2025 15:23:06.932189000 +08	8.8.8.8	10.45.0.27		96
Oct  9, 2025 15:23:07.124358000 +08	10.45.0.27	8.8.8.8		119
Oct  9, 2025 15:23:07.148574000 +08	8.8.8.8	10.45.0.27		119
Oct  9, 2025 15:23:07.346231000 +08	10.45.0.27	8.8.8.8		117
Oct  9, 2025 15:23:07.368647000 +08	8.8.8.8	10.45.0.27		117
Oct  9, 2025 15:23:07.555909000 +08	10.45.0.27	8.8.8.8		96
Oct  9, 2025 15:23:07.574558000 +08	8.8.8.8	10.45.0.27		96
Oct  9, 2025 15:23:07.796073000 +08	10.45.0.27	8.8.8.8		119
Oct  9, 2025 15:23:07.822873000 +08	8.8.8.8	10.45.0.27		119
Oct  9, 2025 15:23:08.065909000 +08	10.45.0.27	8.8.8.8		75
Oct  9, 2025 15:23:08.092845000 +08	8.8.8.8	10.45.0.27		75
Oct  9, 2025 15:23:08.209303000 +08	10.45.0.27	8.8.8.8		108
Oct  9, 2025 15:23:08.237615000 +08	8.8.8.8	10.45.0.27		108
Oct  9, 2025 15:23:08.427492000 +08	10.45.0.27	8.8.8.8		68
Oct  9, 2025 15:23:08.442552000 +08	8.8.8.8	10.45.0.27		68
Oct  9, 2025 15:23:08.633832000 +08	10.45.0.27	8.8.8.8		96
Oct  9, 2025 15:23:08.647500000 +08	8.8.8.8	10.45.0.27		96
Oct  9, 2025 15:23:08.829230000 +08	10.45.0.27	8.8.8.8		82
Oct  9, 2025 15:23:08.844373000 +08	8.8.8.8	10.45.0.27		82
Oct  9, 2025 15:23:09.085770000 +08	10.45.0.27	8.8.8.8		61
Oct  9, 2025 15:23:09.112291000 +08	8.8.8.8	10.45.0.27		61
Oct  9, 2025 15:23:09.321152000 +08	10.45.0.27	8.8.8.8		69
Oct  9, 2025 15:23:09.337961000 +08	8.8.8.8	10.45.0.27		69
Oct  9, 2025 15:23:09.513105000 +08	10.45.0.27	8.8.8.8		70
Oct  9, 2025 15:23:09.534098000 +08	8.8.8.8	10.45.0.27		70
Oct  9, 2025 15:23:09.763426000 +08	10.45.0.27	8.8.8.8		120
Oct  9, 2025 15:23:09.778311000 +08	8.8.8.8	10.45.0.27		120
Oct  9, 2025 15:23:09.947452000 +08	10.45.0.27	8.8.8.8		104
Oct  9, 2025 15:23:09.964150000 +08	8.8.8.8	10.45.0.27		104
Oct  9, 2025 15:23:10.139479000 +08	10.45.0.27	8.8.8.8		88
Oct  9, 2025 15:23:10.158130000 +08	8.8.8.8	10.45.0.27		88
Oct  9, 2025 15:23:10.389804000 +08	10.45.0.27	8.8.8.8		100
Oct  9, 2025 15:23:10.421864000 +08	8.8.8.8	10.45.0.27		100
Oct  9, 2025 15:23:10.597354000 +08	10.45.0.27	8.8.8.8		108
Oct  9, 2025 15:23:10.616295000 +08	8.8.8.8	10.45.0.27		108
Oct  9, 2025 15:23:10.813434000 +08	10.45.0.27	8.8.8.8		90
Oct  9, 2025 15:23:10.827966000 +08	8.8.8.8	10.45.0.27		90
Oct  9, 2025 15:23:11.065355000 +08	10.45.0.27	8.8.8.8		80
Oct  9, 2025 15:23:11.082780000 +08	8.8.8.8	10.45.0.27		80
Oct  9, 2025 15:23:11.324104000 +08	10.45.0.27	8.8.8.8		65
Oct  9, 2025 15:23:11.340649000 +08	8.8.8.8	10.45.0.27		65
Oct  9, 2025 15:23:11.576831000 +08	10.45.0.27	8.8.8.8		60
Oct  9, 2025 15:23:11.594643000 +08	8.8.8.8	10.45.0.27		60
Oct  9, 2025 15:23:11.832514000 +08	10.45.0.27	8.8.8.8		94
Oct  9, 2025 15:23:11.860114000 +08	8.8.8.8	10.45.0.27		94
Oct  9, 2025 15:23:12.087807000 +08	10.45.0.27	8.8.8.8		66
Oct  9, 2025 15:23:12.102748000 +08	8.8.8.8	10.45.0.27		66
Oct  9, 2025 15:23:12.325098000 +08	10.45.0.27	8.8.8.8		118
Oct  9, 2025 15:23:12.343876000 +08	8.8.8.8	10.45.0.27		118
Oct  9, 2025 15:23:12.519935000 +08	10.45.0.27	8.8.8.8		60
Oct  9, 2025 15:23:12.537832000 +08	8.8.8.8	10.45.0.27		60
Oct  9, 2025 15:23:12.640319000 +08	10.45.0.27	8.8.8.8		104
Oct  9, 2025 15:23:12.669901000 +08	8.8.8.8	10.45.0.27		104
Oct  9, 2025 15:23:12.866101000 +08	10.45.0.27	8.8.8.8		107
Oct  9, 2025 15:23:12.887930000 +08	8.8.8.8	10.45.0.27		107
Oct  9, 2025 15:23:13.069957000 +08	10.45.0.27	8.8.8.8		87
Oct  9, 2025 15:23:13.087357000 +08	8.8.8.8	10.45.0.27		87
Oct  9, 2025 15:23:13.334997000 +08	10.45.0.27	8.8.8.8		60
Oct  9, 2025 15:23:13.354087000 +08	8.8.8.8	10.45.0.27		60
Oct  9, 2025 15:23:13.585589000 +08	10.45.0.27	8.8.8.8		111
Oct  9, 2025 15:23:13.602683000 +08	8.8.8.8	10.45.0.27		111
Oct  9, 2025 15:23:13.803894000 +08	10.45.0.27	8.8.8.8		64
Oct  9, 2025 15:23:13.820671000 +08	8.8.8.8	10.45.0.27		64
Oct  9, 2025 15:23:13.999194000 +08	10.45.0.27	8.8.8.8		81
Oct  9, 2025 15:23:14.020945000 +08	8.8.8.8	10.45.0.27		81
Oct  9, 2025 15:23:14.253072000 +08	10.45.0.27	8.8.8.8		74
Oct  9, 2025 15:23:14.272112000 +08	8.8.8.8	10.45.0.27		74
Oct  9, 2025 15:23:14.456380000 +08	10.45.0.27	8.8.8.8		68
Oct  9, 2025 15:23:14.472709000 +08	8.8.8.8	10.45.0.27		68
Oct  9, 2025 15:23:14.713484000 +08	10.45.0.27	8.8.8.8		99
Oct  9, 2025 15:23:14.729311000 +08	8.8.8.8	10.45.0.27		99
Oct  9, 2025 15:23:14.824345000 +08	10.45.0.27	8.8.8.8		121
Oct  9, 2025 15:23:14.854214000 +08	8.8.8.8	10.45.0.27		121
Oct  9, 2025 15:23:15.039948000 +08	10.45.0.27	8.8.8.8		117
Oct  9, 2025 15:23:15.059825000 +08	8.8.8.8	10.45.0.27		117
Oct  9, 2025 15:23:15.284423000 +08	10.45.0.27	8.8.8.8		91
Oct  9, 2025 15:23:15.296917000 +08	8.8.8.8	10.45.0.27		91
Oct  9, 2025 15:23:15.410600000 +08	10.45.0.27	8.8.8.8		113
Oct  9, 2025 15:23:15.437653000 +08	8.8.8.8	10.45.0.27		113
Oct  9, 2025 15:23:15.551495000 +08	10.45.0.27	8.8.8.8		65
Oct  9, 2025 15:23:15.574706000 +08	8.8.8.8	10.45.0.27		65
Oct  9, 2025 15:23:15.804064000 +08	10.45.0.27	8.8.8.8		87
Oct  9, 2025 15:23:15.834518000 +08	8.8.8.8	10.45.0.27		87
Oct  9, 2025 15:23:16.020933000 +08	10.45.0.27	8.8.8.8		72
Oct  9, 2025 15:23:16.040353000 +08	8.8.8.8	10.45.0.27		72
Oct  9, 2025 15:23:16.138887000 +08	10.45.0.27	8.8.8.8		103
Oct  9, 2025 15:23:16.157732000 +08	8.8.8.8	10.45.0.27		103
Oct  9, 2025 15:23:16.358495000 +08	10.45.0.27	8.8.8.8		66
Oct  9, 2025 15:23:16.384731000 +08	8.8.8.8	10.45.0.27		66
Oct  9, 2025 15:23:16.574300000 +08	10.45.0.27	8.8.8.8		94
Oct  9, 2025 15:23:16.588884000 +08	8.8.8.8	10.45.0.27		94
Oct  9, 2025 15:23:16.828479000 +08	10.45.0.27	8.8.8.8		70
Oct  9, 2025 15:23:16.847574000 +08	8.8.8.8	10.45.0.27		70
Oct  9, 2025 15:23:16.935235000 +08	10.45.0.27	8.8.8.8		122
Oct  9, 2025 15:23:16.958096000 +08	8.8.8.8	10.45.0.27		122
Oct  9, 2025 15:23:17.193148000 +08	10.45.0.27	8.8.8.8		61
Oct  9, 2025 15:23:17.217050000 +08	8.8.8.8	10.45.0.27		61
Oct  9, 2025 15:23:17.439193000 +08	10.45.0.27	8.8.8.8		78
Oct  9, 2025 15:23:17.467361000 +08	8.8.8.8	10.45.0.27		78
Oct  9, 2025 15:23:17.699773000 +08	10.45.0.27	8.8.8.8		64
Oct  9, 2025 15:23:17.722488000 +08	8.8.8.8	10.45.0.27		64
Oct  9, 2025 15:23:17.900173000 +08	10.45.0.27	8.8.8.8		87
Oct  9, 2025 15:23:17.918178000 +08	8.8.8.8	10.45.0.27		87
Oct  9, 2025 15:23:18.091984000 +08	10.45.0.27	8.8.8.8		60
Oct  9, 2025 15:23:18.108335000 +08	8.8.8.8	10.45.0.27		60
Oct  9, 2025 15:23:18.296787000 +08	10.45.0.27	8.8.8.8		121
Oct  9, 2025 15:23:18.314102000 +08	8.8.8.8	10.45.0.27		121
Oct  9, 2025 15:23:18.497095000 +08	10.45.0.27	8.8.8.8		69
Oct  9, 2025 15:23:18.514818000 +08	8.8.8.8	10.45.0.27		69
Oct  9, 2025 15:23:18.735625000 +08	10.45.0.27	8.8.8.8		123
Oct  9, 2025 15:23:18.762675000 +08	8.8.8.8	10.45.0.27		123
Oct  9, 2025 15:23:18.986754000 +08	10.45.0.27	8.8.8.8		104
Oct  9, 2025 15:23:19.002306000 +08	8.8.8.8	10.45.0.27		104
Oct  9, 2025 15:23:19.207623000 +08	10.45.0.27	8.8.8.8		104
Oct  9, 2025 15:23:19.227724000 +08	8.8.8.8	10.45.0.27		104
Oct  9, 2025 15:23:19.332095000 +08	10.45.0.27	8.8.8.8		106
Oct  9, 2025 15:23:19.357989000 +08	8.8.8.8	10.45.0.27		106
Oct  9, 2025 15:23:19.568103000 +08	10.45.0.27	8.8.8.8		122
Oct  9, 2025 15:23:19.588256000 +08	8.8.8.8	10.45.0.27		122
Oct  9, 2025 15:23:19.821798000 +08	10.45.0.27	8.8.8.8		112
Oct  9, 2025 15:23:19.838308000 +08	8.8.8.8	10.45.0.27		112
Oct  9, 2025 15:23:20.019615000 +08	10.45.0.27	8.8.8.8		124
Oct  9, 2025 15:23:20.058229000 +08	8.8.8.8	10.45.0.27		124
Oct  9, 2025 15:23:20.250548000 +08	10.45.0.27	8.8.8.8		121
Oct  9, 2025 15:23:20.268411000 +08	8.8.8.8	10.45.0.27		121
Oct  9, 2025 15:23:20.433775000 +08	10.45.0.27	8.8.8.8		80
Oct  9, 2025 15:23:20.449274000 +08	8.8.8.8	10.45.0.27		80
Oct  9, 2025 15:23:20.664282000 +08	10.45.0.27	8.8.8.8		105
Oct  9, 2025 15:23:20.682732000 +08	8.8.8.8	10.45.0.27		105
Oct  9, 2025 15:23:20.916741000 +08	10.45.0.27	8.8.8.8		74
Oct  9, 2025 15:23:20.939941000 +08	8.8.8.8	10.45.0.27		74
Oct  9, 2025 15:23:21.139110000 +08	10.45.0.27	8.8.8.8		79
Oct  9, 2025 15:23:21.158323000 +08	8.8.8.8	10.45.0.27		79
Oct  9, 2025 15:23:21.389802000 +08	10.45.0.27	8.8.8.8		102
Oct  9, 2025 15:23:21.406922000 +08	8.8.8.8	10.45.0.27		102
Oct  9, 2025 15:23:21.632505000 +08	10.45.0.27	8.8.8.8		106
Oct  9, 2025 15:23:21.657427000 +08	8.8.8.8	10.45.0.27		106
Oct  9, 2025 15:23:21.826570000 +08	10.45.0.27	8.8.8.8		71
Oct  9, 2025 15:23:21.858527000 +08	8.8.8.8	10.45.0.27		71
Oct  9, 2025 15:23:21.968259000 +08	10.45.0.27	8.8.8.8		68
Oct  9, 2025 15:23:21.988714000 +08	8.8.8.8	10.45.0.27		68
Oct  9, 2025 15:23:22.171391000 +08	10.45.0.27	8.8.8.8		88
Oct  9, 2025 15:23:22.209103000 +08	8.8.8.8	10.45.0.27		88
Oct  9, 2025 15:23:22.333628000 +08	10.45.0.27	8.8.8.8		84
Oct  9, 2025 15:23:22.348699000 +08	8.8.8.8	10.45.0.27		84
Oct  9, 2025 15:23:22.561076000 +08	10.45.0.27	8.8.8.8		91
Oct  9, 2025 15:23:22.588682000 +08	8.8.8.8	10.45.0.27		91
Oct  9, 2025 15:23:22.809070000 +08	10.45.0.27	8.8.8.8		107
Oct  9, 2025 15:23:22.839945000 +08	8.8.8.8	10.45.0.27		107
Oct  9, 2025 15:23:23.036202000 +08	10.45.0.27	8.8.8.8		93
Oct  9, 2025 15:23:23.057836000 +08	8.8.8.8	10.45.0.27		93
Oct  9, 2025 15:23:23.299797000 +08	10.45.0.27	8.8.8.8		77
Oct  9, 2025 15:23:23.327697000 +08	8.8.8.8	10.45.0.27		77
Oct  9, 2025 15:23:23.549885000 +08	10.45.0.27	8.8.8.8		73
Oct  9, 2025 15:23:23.567616000 +08	8.8.8.8	10.45.0.27		73
Oct  9, 2025 15:23:23.802646000 +08	10.45.0.27	8.8.8.8		68
Oct  9, 2025 15:23:23.816944000 +08	8.8.8.8	10.45.0.27		68
Oct  9, 2025 15:23:24.020321000 +08	10.45.0.27	8.8.8.8		69
Oct  9, 2025 15:23:24.048252000 +08	8.8.8.8	10.45.0.27		69
Oct  9, 2025 15:23:24.227378000 +08	10.45.0.27	8.8.8.8		118
Oct  9, 2025 15:23:24.248299000 +08	8.8.8.8	10.45.0.27		118
Oct  9, 2025 15:23:24.437952000 +08	10.45.0.27	8.8.8.8		105
Oct  9, 2025 15:23:24.454232000 +08	8.8.8.8	10.45.0.27		105
Oct  9, 2025 15:23:24.620978000 +08	10.45.0.27	8.8.8.8		66
Oct  9, 2025 15:23:24.638037000 +08	8.8.8.8	10.45.0.27		66
Oct  9, 2025 15:23:24.853098000 +08	10.45.0.27	8.8.8.8		83
Oct  9, 2025 15:23:24.867576000 +08	8.8.8.8	10.45.0.27		83
Oct  9, 2025 15:23:25.106499000 +08	10.45.0.27	8.8.8.8		91
Oct  9, 2025 15:23:25.122720000 +08	8.8.8.8	10.45.0.27		91
Oct  9, 2025 15:23:25.236758000 +08	10.45.0.27	8.8.8.8		81
Oct  9, 2025 15:23:25.257630000 +08	8.8.8.8	10.45.0.27		81
Oct  9, 2025 15:23:25.455259000 +08	10.45.0.27	8.8.8.8		91
Oct  9, 2025 15:23:25.476133000 +08	8.8.8.8	10.45.0.27		91
Oct  9, 2025 15:23:25.591399000 +08	10.45.0.27	8.8.8.8		80
Oct  9, 2025 15:23:25.612733000 +08	8.8.8.8	10.45.0.27		80
Oct  9, 2025 15:23:25.734096000 +08	10.45.0.27	8.8.8.8		107
Oct  9, 2025 15:23:25.758300000 +08	8.8.8.8	10.45.0.27		107
Oct  9, 2025 15:23:25.944320000 +08	10.45.0.27	8.8.8.8		91
Oct  9, 2025 15:23:25.967027000 +08	8.8.8.8	10.45.0.27		91
Oct  9, 2025 15:23:26.076322000 +08	10.45.0.27	8.8.8.8		120
Oct  9, 2025 15:23:26.094177000 +08	8.8.8.8	10.45.0.27		120
Oct  9, 2025 15:23:26.316298000 +08	10.45.0.27	8.8.8.8		123
Oct  9, 2025 15:23:26.337399000 +08	8.8.8.8	10.45.0.27		123
Oct  9, 2025 15:23:26.516278000 +08	10.45.0.27	8.8.8.8		82
Oct  9, 2025 15:23:26.532685000 +08	8.8.8.8	10.45.0.27		82
Oct  9, 2025 15:23:26.730565000 +08	10.45.0.27	8.8.8.8		67
Oct  9, 2025 15:23:26.747749000 +08	8.8.8.8	10.45.0.27		67
Oct  9, 2025 15:23:26.865864000 +08	10.45.0.27	8.8.8.8		102
Oct  9, 2025 15:23:26.894775000 +08	8.8.8.8	10.45.0.27		102
Oct  9, 2025 15:23:27.118958000 +08	10.45.0.27	8.8.8.8		78
Oct  9, 2025 15:23:27.142645000 +08	8.8.8.8	10.45.0.27		78
Oct  9, 2025 15:23:27.358217000 +08	10.45.0.27	8.8.8.8		79
Oct  9, 2025 15:23:27.387277000 +08	8.8.8.8	10.45.0.27		79
Oct  9, 2025 15:23:27.600132000 +08	10.45.0.27	8.8.8.8		81
Oct  9, 2025 15:23:27.620386000 +08	8.8.8.8	10.45.0.27		81
Oct  9, 2025 15:23:27.837475000 +08	10.45.0.27	8.8.8.8		75
Oct  9, 2025 15:23:27.854471000 +08	8.8.8.8	10.45.0.27		75
Oct  9, 2025 15:23:28.082473000 +08	10.45.0.27	8.8.8.8		111
Oct  9, 2025 15:23:28.100156000 +08	8.8.8.8	10.45.0.27		111
Oct  9, 2025 15:23:28.339250000 +08	10.45.0.27	8.8.8.8		77
Oct  9, 2025 15:23:28.361120000 +08	8.8.8.8	10.45.0.27		77
Oct  9, 2025 15:23:28.597243000 +08	10.45.0.27	8.8.8.8		61
Oct  9, 2025 15:23:28.614990000 +08	8.8.8.8	10.45.0.27		61
Oct  9, 2025 15:23:28.829653000 +08	10.45.0.27	8.8.8.8		86
Oct  9, 2025 15:23:28.860632000 +08	8.8.8.8	10.45.0.27		86
Oct  9, 2025 15:23:29.052491000 +08	10.45.0.27	8.8.8.8		66
Oct  9, 2025 15:23:29.069679000 +08	8.8.8.8	10.45.0.27		66
Oct  9, 2025 15:23:29.307957000 +08	10.45.0.27	8.8.8.8		105
Oct  9, 2025 15:23:29.326230000 +08	8.8.8.8	10.45.0.27		105
Oct  9, 2025 15:23:29.546096000 +08	10.45.0.27	8.8.8.8		111
Oct  9, 2025 15:23:29.562543000 +08	8.8.8.8	10.45.0.27		111
Oct  9, 2025 15:23:29.773957000 +08	10.45.0.27	8.8.8.8		105
Oct  9, 2025 15:23:29.798770000 +08	8.8.8.8	10.45.0.27		105
Oct  9, 2025 15:23:30.036900000 +08	10.45.0.27	8.8.8.8		121
Oct  9, 2025 15:23:30.062663000 +08	8.8.8.8	10.45.0.27		121
Oct  9, 2025 15:23:30.272086000 +08	10.45.0.27	8.8.8.8		71
Oct  9, 2025 15:23:30.292737000 +08	8.8.8.8	10.45.0.27		71
Oct  9, 2025 15:23:30.478082000 +08	10.45.0.27	8.8.8.8		77
Oct  9, 2025 15:23:30.498468000 +08	8.8.8.8	10.45.0.27		77
Oct  9, 2025 15:23:30.726001000 +08	10.45.0.27	8.8.8.8		63
Oct  9, 2025 15:23:30.741958000 +08	8.8.8.8	10.45.0.27		63
Oct  9, 2025 15:23:30.853917000 +08	10.45.0.27	8.8.8.8		95
Oct  9, 2025 15:23:30.877735000 +08	8.8.8.8	10.45.0.27		95
