Oct  9, 2025 15:21:50.248388000 +08	192.168.0.115,10.45.0.27	192.168.0.132,8.8.8.8	0x00004af3	177
Oct  9, 2025 15:21:50.263056000 +08	192.168.0.132,8.8.8.8	192.168.0.115,10.45.0.27	0x00000001	177
Oct  9, 2025 15:21:50.467254000 +08	192.168.0.115,10.45.0.27	192.168.0.132,8.8.8.8	0x00004af3	118
Oct  9, 2025 15:21:50.485188000 +08	192.168.0.132,8.8.8.8	192.168.0.115,10.45.0.27	0x00000001	118
Oct  9, 2025 15:21:50.701192000 +08	192.168.0.115,10.45.0.27	192.168.0.132,8.8.8.8	0x00004af3	125
Oct  9, 2025 15:21:50.719868000 +08	192.168.0.132,8.8.8.8	192.168.0.115,10.45.0.27	0x00000001	125
Oct  9, 2025 15:21:50.893268000 +08	192.168.0.115,10.45.0.27	192.168.0.132,8.8.8.8	0x00004af3	124
Oct  9, 2025 15:21:50.914981000 +08	192.168.0.132,8.8.8.8	192.168.0.115,10.45.0.27	0x00000001	124
Oct  9, 2025 15:21:51.111363000 +08	192.168.0.115,10.45.0.27	192.168.0.132,8.8.8.8	0x00004af3	142
Oct  9, 2025 15:21:51.131450000 +08	192.168.0.132,8.8.8.8	192.168.0.115,10.45.0.27	0x00000001	142
Oct  9, 2025 15:21:51.316737000 +08	192.168.0.115,10.45.0.27	192.168.0.132,8.8.8.8	0x00004af3	128
Oct  9, 2025 15:21:51.338981000 +08	192.168.0.132,8.8.8.8	192.168.0.115,10.45.0.27	0x00000001	128
Oct  9, 2025 15:21:51.574952000 +08	192.168.0.115,10.45.0.27	192.168.0.132,8.8.8.8	0x00004af3	122
Oct  9, 2025 15:21:51.599448000 +08	192.168.0.132,8.8.8.8	192.168.0.115,10.45.0.27	0x00000001	122
Oct  9, 2025 15:21:51.789207000 +08	192.168.0.115,10.45.0.27	192.168.0.132,8.8.8.8	0x00004af3	144
Oct  9, 2025 15:21:51.808542000 +08	192.168.0.132,8.8.8.8	192.168.0.115,10.45.0.27	0x00000001	144
Oct  9, 2025 15:21:51.931625000 +08	192.168.0.115,10.45.0.27	192.168.0.132,8.8.8.8	0x00004af3	129
Oct  9, 2025 15:21:51.955355000 +08	192.168.0.132,8.8.8.8	192.168.0.115,10.45.0.27	0x00000001	129
Oct  9, 2025 15:21:52.152882000 +08	192.168.0.115,10.45.0.27	192.168.0.132,8.8.8.8	0x00004af3	146
Oct  9, 2025 15:21:52.178304000 +08	192.168.0.132,8.8.8.8	192.168.0.115,10.45.0.27	0x00000001	146
Oct  9, 2025 15:21:52.373303000 +08	192.168.0.115,10.45.0.27	192.168.0.132,8.8.8.8	0x00004af3	134
Oct  9, 2025 15:21:52.390832000 +08	192.168.0.132,8.8.8.8	192.168.0.115,10.45.0.27	0x00000001	134
Oct  9, 2025 15:21:52.568878000 +08	192.168.0.115,10.45.0.27	192.168.0.132,8.8.8.8	0x00004af3	127
Oct  9, 2025 15:21:52.589283000 +08	192.168.0.132,8.8.8.8	192.168.0.115,10.45.0.27	0x00000001	127
Oct  9, 2025 15:21:52.808576000 +08	192.168.0.115,10.45.0.27	192.168.0.132,8.8.8.8	0x00004af3	160
Oct  9, 2025 15:21:52.834096000 +08	192.168.0.132,8.8.8.8	192.168.0.115,10.45.0.27	0x00000001	160
Oct  9, 2025 15:21:53.047196000 +08	192.168.0.115,10.45.0.27	192.168.0.132,8.8.8.8	0x00004af3	170
Oct  9, 2025 15:21:53.065277000 +08	192.168.0.132,8.8.8.8	192.168.0.115,10.45.0.27	0x00000001	170
Oct  9, 2025 15:21:53.160755000 +08	192.168.0.115,10.45.0.27	192.168.0.132,8.8.8.8	0x00004af3	128
Oct  9, 2025 15:21:53.189025000 +08	192.168.0.132,8.8.8.8	192.168.0.115,10.45.0.27	0x00000001	128
Oct  9, 2025 15:21:53.362680000 +08	192.168.0.115,10.45.0.27	192.168.0.132,8.8.8.8	0x00004af3	147
Oct  9, 2025 15:21:53.378239000 +08	192.168.0.132,8.8.8.8	192.168.0.115,10.45.0.27	0x00000001	147
Oct  9, 2025 15:21:53.600002000 +08	192.168.0.115,10.45.0.27	192.168.0.132,8.8.8.8	0x00004af3	146
Oct  9, 2025 15:21:53.633560000 +08	192.168.0.132,8.8.8.8	192.168.0.115,10.45.0.27	0x00000001	146
Oct  9, 2025 15:21:53.756102000 +08	192.168.0.115,10.45.0.27	192.168.0.132,8.8.8.8	0x00004af3	154
Oct  9, 2025 15:21:53.791814000 +08	192.168.0.132,8.8.8.8	192.168.0.115,10.45.0.27	0x00000001	154
Oct  9, 2025 15:21:54.006384000 +08	192.168.0.115,10.45.0.27	192.168.0.132,8.8.8.8	0x00004af3	122
Oct  9, 2025 15:21:54.033349000 +08	192.168.0.132,8.8.8.8	192.168.0.115,10.45.0.27	0x00000001	122
Oct  9, 2025 15:21:54.267999000 +08	192.168.0.115,10.45.0.27	192.168.0.132,8.8.8.8	0x00004af3	128
Oct  9, 2025 15:21:54.285183000 +08	192.168.0.132,8.8.8.8	192.168.0.115,10.45.0.27	0x00000001	128
Oct  9, 2025 15:21:54.399299000 +08	192.168.0.115,10.45.0.27	192.168.0.132,8.8.8.8	0x00004af3	137
Oct  9, 2025 15:21:54.435234000 +08	192.168.0.132,8.8.8.8	192.168.0.115,10.45.0.27	0x00000001	137
Oct  9, 2025 15:21:54.618018000 +08	192.168.0.115,10.45.0.27	192.168.0.132,8.8.8.8	0x00004af3	142
Oct  9, 2025 15:21:54.634338000 +08	192.168.0.132,8.8.8.8	192.168.0.115,10.45.0.27	0x00000001	142
Oct  9, 2025 15:21:54.871280000 +08	192.168.0.115,10.45.0.27	192.168.0.132,8.8.8.8	0x00004af3	164
Oct  9, 2025 15:21:54.902238000 +08	192.168.0.132,8.8.8.8	192.168.0.115,10.45.0.27	0x00000001	164
Oct  9, 2025 15:21:55.111211000 +08	192.168.0.115,10.45.0.27	192.168.0.132,8.8.8.8	0x00004af3	130
Oct  9, 2025 15:21:55.132006000 +08	192.168.0.132,8.8.8.8	192.168.0.115,10.45.0.27	0x00000001	130
Oct  9, 2025 15:21:55.375397000 +08	192.168.0.115,10.45.0.27	192.168.0.132,8.8.8.8	0x00004af3	180
Oct  9, 2025 15:21:55.405985000 +08	192.168.0.132,8.8.8.8	192.168.0.115,10.45.0.27	0x00000001	180
Oct  9, 2025 15:21:55.620789000 +08	192.168.0.115,10.45.0.27	192.168.0.132,8.8.8.8	0x00004af3	141
Oct  9, 2025 15:21:55.641259000 +08	192.168.0.132,8.8.8.8	192.168.0.115,10.45.0.27	0x00000001	141
Oct  9, 2025 15:21:55.820546000 +08	192.168.0.115,10.45.0.27	192.168.0.132,8.8.8.8	0x00004af3	179
Oct  9, 2025 15:21:55.839380000 +08	192.168.0.132,8.8.8.8	192.168.0.115,10.45.0.27	0x00000001	179
Oct  9, 2025 15:21:56.021611000 +08	192.168.0.115,10.45.0.27	192.168.0.132,8.8.8.8	0x00004af3	120
Oct  9, 2025 15:21:56.046591000 +08	192.168.0.132,8.8.8.8	192.168.0.115,10.45.0.27	0x00000001	120
Oct  9, 2025 15:21:56.272648000 +08	192.168.0.115,10.45.0.27	192.168.0.132,8.8.8.8	0x00004af3	182
Oct  9, 2025 15:21:56.300569000 +08	192.168.0.132,8.8.8.8	192.168.0.115,10.45.0.27	0x00000001	182
Oct  9, 2025 15:21:56.511691000 +08	192.168.0.115,10.45.0.27	192.168.0.132,8.8.8.8	0x00004af3	167
Oct  9, 2025 15:21:56.528258000 +08	192.168.0.132,8.8.8.8	192.168.0.115,10.45.0.27	0x00000001	167
Oct  9, 2025 15:21:56.755295000 +08	192.168.0.115,10.45.0.27	192.168.0.132,8.8.8.8	0x00004af3	128
Oct  9, 2025 15:21:56.773440000 +08	192.168.0.132,8.8.8.8	192.168.0.115,10.45.0.27	0x00000001	128
Oct  9, 2025 15:21:56.894229000 +08	192.168.0.115,10.45.0.27	192.168.0.132,8.8.8.8	0x00004af3	141
Oct  9, 2025 15:21:56.909002000 +08	192.168.0.132,8.8.8.8	192.168.0.115,10.45.0.27	0x00000001	141
Oct  9, 2025 15:21:57.079009000 +08	192.168.0.115,10.45.0.27	192.168.0.132,8.8.8.8	0x00004af3	133
Oct  9, 2025 15:21:57.099155000 +08	192.168.0.132,8.8.8.8	192.168.0.115,10.45.0.27	0x00000001	133
Oct  9, 2025 15:21:57.264475000 +08	192.168.0.115,10.45.0.27	192.168.0.132,8.8.8.8	0x00004af3	152
Oct  9, 2025 15:21:57.283461000 +08	192.168.0.132,8.8.8.8	192.168.0.115,10.45.0.27	0x00000001	152
Oct  9, 2025 15:21:57.446922000 +08	192.168.0.115,10.45.0.27	192.168.0.132,8.8.8.8	0x00004af3	156
Oct  9, 2025 15:21:57.466052000 +08	192.168.0.132,8.8.8.8	192.168.0.115,10.45.0.27	0x00000001	156
Oct  9, 2025 15:21:57.696111000 +08	192.168.0.115,10.45.0.27	192.168.0.132,8.8.8.8	0x00004af3	155
Oct  9, 2025 15:21:57.724001000 +08	192.168.0.132,8.8.8.8	192.168.0.115,10.45.0.27	0x00000001	155
Oct  9, 2025 15:21:57.893740000 +08	192.168.0.115,10.45.0.27	192.168.0.132,8.8.8.8	0x00004af3	178
Oct  9, 2025 15:21:57.909396000 +08	192.168.0.132,8.8.8.8	192.168.0.115,10.45.0.27	0x00000001	178
Oct  9, 2025 15:21:58.093644000 +08	192.168.0.115,10.45.0.27	192.168.0.132,8.8.8.8	0x00004af3	174
Oct  9, 2025 15:21:58.120231000 +08	192.168.0.132,8.8.8.8	192.168.0.115,10.45.0.27	0x00000001	174
Oct  9, 2025 15:21:58.289252000 +08	192.168.0.115,10.45.0.27	192.168.0.132,8.8.8.8	0x00004af3	121
Oct  9, 2025 15:21:58.313948000 +08	192.168.0.132,8.8.8.8	192.168.0.115,10.45.0.27	0x00000001	121
Oct  9, 2025 15:21:58.407616000 +08	192.168.0.115,10.45.0.27	192.168.0.132,8.8.8.8	0x00004af3	131
Oct  9, 2025 15:21:58.441288000 +08	192.168.0.132,8.8.8.8	192.168.0.115,10.45.0.27	0x00000001	131
Oct  9, 2025 15:21:58.654223000 +08	192.168.0.115,10.45.0.27	192.168.0.132,8.8.8.8	0x00004af3	155
Oct  9, 2025 15:21:58.683642000 +08	192.168.0.132,8.8.8.8	192.168.0.115,10.45.0.27	0x00000001	155
Oct  9, 2025 15:21:58.879161000 +08	192.168.0.115,10.45.0.27	192.168.0.132,8.8.8.8	0x00004af3	131
Oct  9, 2025 15:21:58.895854000 +08	192.168.0.132,8.8.8.8	192.168.0.115,10.45.0.27	0x00000001	131
Oct  9, 2025 15:21:59.100024000 +08	192.168.0.115,10.45.0.27	192.168.0.132,8.8.8.8	0x00004af3	144
Oct  9, 2025 15:21:59.120184000 +08	192.168.0.132,8.8.8.8	192.168.0.115,10.45.0.27	0x00000001	144
Oct  9, 2025 15:21:59.211908000 +08	192.168.0.115,10.45.0.27	192.168.0.132,8.8.8.8	0x00004af3	125
Oct  9, 2025 15:21:59.250614000 +08	192.168.0.132,8.8.8.8	192.168.0.115,10.45.0.27	0x00000001	125
Oct  9, 2025 15:21:59.439782000 +08	192.168.0.115,10.45.0.27	192.168.0.132,8.8.8.8	0x00004af3	150
Oct  9, 2025 15:21:59.464501000 +08	192.168.0.132,8.8.8.8	192.168.0.115,10.45.0.27	0x00000001	150
Oct  9, 2025 15:21:59.655109000 +08	192.168.0.115,10.45.0.27	192.168.0.132,8.8.8.8	0x00004af3	134
Oct  9, 2025 15:21:59.683603000 +08	192.168.0.132,8.8.8.8	192.168.0.115,10.45.0.27	0x00000001	134
Oct  9, 2025 15:21:59.855569000 +08	192.168.0.115,10.45.0.27	192.168.0.132,8.8.8.8	0x00004af3	180
Oct  9, 2025 15:21:59.875439000 +08	192.168.0.132,8.8.8.8	192.168.0.115,10.45.0.27	0x00000001	180
Oct  9, 2025 15:22:00.074000000 +08	192.168.0.115,10.45.0.27	192.168.0.132,8.8.8.8	0x00004af3	167
Oct  9, 2025 15:22:00.094279000 +08	192.168.0.132,8.8.8.8	192.168.0.115,10.45.0.27	0x00000001	167
Oct  9, 2025 15:22:00.331141000 +08	192.168.0.115,10.45.0.27	192.168.0.132,8.8.8.8	0x00004af3	141
Oct  9, 2025 15:22:00.351442000 +08	192.168.0.132,8.8.8.8	192.168.0.115,10.45.0.27	0x00000001	141
Oct  9, 2025 15:22:00.545601000 +08	192.168.0.115,10.45.0.27	192.168.0.132,8.8.8.8	0x00004af3	138
Oct  9, 2025 15:22:00.563596000 +08	192.168.0.132,8.8.8.8	192.168.0.115,10.45.0.27	0x00000001	138
Oct  9, 2025 15:22:00.740607000 +08	192.168.0.115,10.45.0.27	192.168.0.132,8.8.8.8	0x00004af3	153
Oct  9, 2025 15:22:00.764896000 +08	192.168.0.132,8.8.8.8	192.168.0.115,10.45.0.27	0x00000001	153
Oct  9, 2025 15:22:01.001800000 +08	192.168.0.115,10.45.0.27	192.168.0.132,8.8.8.8	0x00004af3	179
Oct  9, 2025 15:22:01.019108000 +08	192.168.0.132,8.8.8.8	192.168.0.115,10.45.0.27	0x00000001	179
Oct  9, 2025 15:22:01.191287000 +08	192.168.0.115,10.45.0.27	192.168.0.132,8.8.8.8	0x00004af3	129
Oct  9, 2025 15:22:01.214824000 +08	192.168.0.132,8.8.8.8	192.168.0.115,10.45.0.27	0x00000001	129
Oct  9, 2025 15:22:01.336681000 +08	192.168.0.115,10.45.0.27	192.168.0.132,8.8.8.8	0x00004af3	133
Oct  9, 2025 15:22:01.364817000 +08	192.168.0.132,8.8.8.8	192.168.0.115,10.45.0.27	0x00000001	133
Oct  9, 2025 15:22:01.551464000 +08	192.168.0.115,10.45.0.27	192.168.0.132,8.8.8.8	0x00004af3	132
Oct  9, 2025 15:22:01.578607000 +08	192.168.0.132,8.8.8.8	192.168.0.115,10.45.0.27	0x00000001	132
Oct  9, 2025 15:22:01.818685000 +08	192.168.0.115,10.45.0.27	192.168.0.132,8.8.8.8	0x00004af3	122
Oct  9, 2025 15:22:01.840860000 +08	192.168.0.132,8.8.8.8	192.168.0.115,10.45.0.27	0x00000001	122
Oct  9, 2025 15:22:02.054915000 +08	192.168.0.115,10.45.0.27	192.168.0.132,8.8.8.8	0x00004af3	144
Oct  9, 2025 15:22:02.073483000 +08	192.168.0.132,8.8.8.8	192.168.0.115,10.45.0.27	0x00000001	144
Oct  9, 2025 15:22:02.315333000 +08	192.168.0.115,10.45.0.27	192.168.0.132,8.8.8.8	0x00004af3	134
Oct  9, 2025 15:22:02.343581000 +08	192.168.0.132,8.8.8.8	192.168.0.115,10.45.0.27	0x00000001	134
Oct  9, 2025 15:22:02.455002000 +08	192.168.0.115,10.45.0.27	192.168.0.132,8.8.8.8	0x00004af3	172
Oct  9, 2025 15:22:02.493327000 +08	192.168.0.132,8.8.8.8	192.168.0.115,10.45.0.27	0x00000001	172
Oct  9, 2025 15:22:02.735165000 +08	192.168.0.115,10.45.0.27	192.168.0.132,8.8.8.8	0x00004af3	138
Oct  9, 2025 15:22:02.763498000 +08	192.168.0.132,8.8.8.8	192.168.0.115,10.45.0.27	0x00000001	138
Oct  9, 2025 15:22:02.960535000 +08	192.168.0.115,10.45.0.27	192.168.0.132,8.8.8.8	0x00004af3	163
Oct  9, 2025 15:22:02.975200000 +08	192.168.0.132,8.8.8.8	192.168.0.115,10.45.0.27	0x00000001	163
Oct  9, 2025 15:22:03.090421000 +08	192.168.0.115,10.45.0.27	192.168.0.132,8.8.8.8	0x00004af3	169
Oct  9, 2025 15:22:03.118323000 +08	192.168.0.132,8.8.8.8	192.168.0.115,10.45.0.27	0x00000001	169
Oct  9, 2025 15:22:03.360817000 +08	192.168.0.115,10.45.0.27	192.168.0.132,8.8.8.8	0x00004af3	146
Oct  9, 2025 15:22:03.384372000 +08	192.168.0.132,8.8.8.8	192.168.0.115,10.45.0.27	0x00000001	146
Oct  9, 2025 15:22:03.500085000 +08	192.168.0.115,10.45.0.27	192.168.0.132,8.8.8.8	0x00004af3	120
Oct  9, 2025 15:22:03.533573000 +08	192.168.0.132,8.8.8.8	192.168.0.115,10.45.0.27	0x00000001	120
Oct  9, 2025 15:22:03.745974000 +08	192.168.0.115,10.45.0.27	192.168.0.132,8.8.8.8	0x00004af3	138
Oct  9, 2025 15:22:03.764369000 +08	192.168.0.132,8.8.8.8	192.168.0.115,10.45.0.27	0x00000001	138
Oct  9, 2025 15:22:03.928951000 +08	192.168.0.115,10.45.0.27	192.168.0.132,8.8.8.8	0x00004af3	145
Oct  9, 2025 15:22:03.946652000 +08	192.168.0.132,8.8.8.8	192.168.0.115,10.45.0.27	0x00000001	145
Oct  9, 2025 15:22:04.132286000 +08	192.168.0.115,10.45.0.27	192.168.0.132,8.8.8.8	0x00004af3	131
Oct  9, 2025 15:22:04.158310000 +08	192.168.0.132,8.8.8.8	192.168.0.115,10.45.0.27	0x00000001	131
Oct  9, 2025 15:22:04.371741000 +08	192.168.0.115,10.45.0.27	192.168.0.132,8.8.8.8	0x00004af3	134
Oct  9, 2025 15:22:04.395077000 +08	192.168.0.132,8.8.8.8	192.168.0.115,10.45.0.27	0x00000001	134
Oct  9, 2025 15:22:04.636524000 +08	192.168.0.115,10.45.0.27	192.168.0.132,8.8.8.8	0x00004af3	165
Oct  9, 2025 15:22:04.655700000 +08	192.168.0.132,8.8.8.8	192.168.0.115,10.45.0.27	0x00000001	165
Oct  9, 2025 15:22:04.852617000 +08	192.168.0.115,10.45.0.27	192.168.0.132,8.8.8.8	0x00004af3	157
Oct  9, 2025 15:22:04.869537000 +08	192.168.0.132,8.8.8.8	192.168.0.115,10.45.0.27	0x00000001	157
Oct  9, 2025 15:22:05.089491000 +08	192.168.0.115,10.45.0.27	192.168.0.132,8.8.8.8	0x00004af3	131
Oct  9, 2025 15:22:05.105523000 +08	192.168.0.132,8.8.8.8	192.168.0.115,10.45.0.27	0x00000001	131
Oct  9, 2025 15:22:05.331134000 +08	192.168.0.115,10.45.0.27	192.168.0.132,8.8.8.8	0x00004af3	160
Oct  9, 2025 15:22:05.351209000 +08	192.168.0.132,8.8.8.8	192.168.0.115,10.45.0.27	0x00000001	160
Oct  9, 2025 15:22:05.587515000 +08	192.168.0.115,10.45.0.27	192.168.0.132,8.8.8.8	0x00004af3	152
Oct  9, 2025 15:22:05.605417000 +08	192.168.0.132,8.8.8.8	192.168.0.115,10.45.0.27	0x00000001	152
Oct  9, 2025 15:22:05.844542000 +08	192.168.0.115,10.45.0.27	192.168.0.132,8.8.8.8	0x00004af3	159
Oct  9, 2025 15:22:05.864715000 +08	192.168.0.132,8.8.8.8	192.168.0.115,10.45.0.27	0x00000001	159
Oct  9, 2025 15:22:06.055242000 +08	192.168.0.115,10.45.0.27	192.168.0.132,8.8.8.8	0x00004af3	124
Oct  9, 2025 15:22:06.079073000 +08	192.168.0.132,8.8.8.8	192.168.0.115,10.45.0.27	0x00000001	124
Oct  9, 2025 15:22:06.251702000 +08	192.168.0.115,10.45.0.27	192.168.0.132,8.8.8.8	0x00004af3	176
Oct  9, 2025 15:22:06.270874000 +08	192.168.0.132,8.8.8.8	192.168.0.115,10.45.0.27	0x00000001	176
Oct  9, 2025 15:22:06.511122000 +08	192.168.0.115,10.45.0.27	192.168.0.132,8.8.8.8	0x00004af3	158
Oct  9, 2025 15:22:06.540353000 +08	192.168.0.132,8.8.8.8	192.168.0.115,10.45.0.27	0x00000001	158
Oct  9, 2025 15:22:06.728292000 +08	192.168.0.115,10.45.0.27	192.168.0.132,8.8.8.8	0x00004af3	171
Oct  9, 2025 15:22:06.744534000 +08	192.168.0.132,8.8.8.8	192.168.0.115,10.45.0.27	0x00000001	171
Oct  9, 2025 15:22:06.968930000 +08	192.168.0.115,10.45.0.27	192.168.0.132,8.8.8.8	0x00004af3	141
Oct  9, 2025 15:22:06.986441000 +08	192.168.0.132,8.8.8.8	192.168.0.115,10.45.0.27	0x00000001	141
Oct  9, 2025 15:22:07.190310000 +08	192.168.0.115,10.45.0.27	192.168.0.132,8.8.8.8	0x00004af3	174
Oct  9, 2025 15:22:07.211492000 +08	192.168.0.132,8.8.8.8	192.168.0.115,10.45.0.27	0x00000001	174
Oct  9, 2025 15:22:07.300818000 +08	192.168.0.115,10.45.0.27	192.168.0.132,8.8.8.8	0x00004af3	121
Oct  9, 2025 15:22:07.330423000 +08	192.168.0.132,8.8.8.8	192.168.0.115,10.45.0.27	0x00000001	121
Oct  9, 2025 15:22:07.561606000 +08	192.168.0.115,10.45.0.27	192.168.0.132,8.8.8.8	0x00004af3	142
Oct  9, 2025 15:22:07.583365000 +08	192.168.0.132,8.8.8.8	192.168.0.115,10.45.0.27	0x00000001	142
Oct  9, 2025 15:22:07.818494000 +08	192.168.0.115,10.45.0.27	192.168.0.132,8.8.8.8	0x00004af3	118
Oct  9, 2025 15:22:07.848738000 +08	192.168.0.132,8.8.8.8	192.168.0.115,10.45.0.27	0x00000001	118
Oct  9, 2025 15:22:08.051157000 +08	192.168.0.115,10.45.0.27	192.168.0.132,8.8.8.8	0x00004af3	182
Oct  9, 2025 15:22:08.080093000 +08	192.168.0.132,8.8.8.8	192.168.0.115,10.45.0.27	0x00000001	182
Oct  9, 2025 15:22:08.308622000 +08	192.168.0.115,10.45.0.27	192.168.0.132,8.8.8.8	0x00004af3	156
Oct  9, 2025 15:22:08.324924000 +08	192.168.0.132,8.8.8.8	192.168.0.115,10.45.0.27	0x00000001	156
Oct  9, 2025 15:22:08.533527000 +08	192.168.0.115,10.45.0.27	192.168.0.132,8.8.8.8	0x00004af3	172
Oct  9, 2025 15:22:08.558112000 +08	192.168.0.132,8.8.8.8	192.168.0.115,10.45.0.27	0x00000001	172
Oct  9, 2025 15:22:08.726518000 +08	192.168.0.115,10.45.0.27	192.168.0.132,8.8.8.8	0x00004af3	167
Oct  9, 2025 15:22:08.744780000 +08	192.168.0.132,8.8.8.8	192.168.0.115,10.45.0.27	0x00000001	167
Oct  9, 2025 15:22:08.975159000 +08	192.168.0.115,10.45.0.27	192.168.0.132,8.8.8.8	0x00004af3	177
Oct  9, 2025 15:22:08.999940000 +08	192.168.0.132,8.8.8.8	192.168.0.115,10.45.0.27	0x00000001	177
Oct  9, 2025 15:22:09.174561000 +08	192.168.0.115,10.45.0.27	192.168.0.132,8.8.8.8	0x00004af3	169
Oct  9, 2025 15:22:09.195983000 +08	192.168.0.132,8.8.8.8	192.168.0.115,10.45.0.27	0x00000001	169
Oct  9, 2025 15:22:09.362325000 +08	192.168.0.115,10.45.0.27	192.168.0.132,8.8.8.8	0x00004af3	126
Oct  9, 2025 15:22:09.386778000 +08	192.168.0.132,8.8.8.8	192.168.0.115,10.45.0.27	0x00000001	126
Oct  9, 2025 15:22:09.594934000 +08	192.168.0.115,10.45.0.27	192.168.0.132,8.8.8.8	0x00004af3	120
Oct  9, 2025 15:22:09.625036000 +08	192.168.0.132,8.8.8.8	192.168.0.115,10.45.0.27	0x00000001	120
Oct  9, 2025 15:22:09.864524000 +08	192.168.0.115,10.45.0.27	192.168.0.132,8.8.8.8	0x00004af3	135
Oct  9, 2025 15:22:09.887906000 +08	192.168.0.132,8.8.8.8	192.168.0.115,10.45.0.27	0x00000001	135
Oct  9, 2025 15:22:10.008741000 +08	192.168.0.115,10.45.0.27	192.168.0.132,8.8.8.8	0x00004af3	160
Oct  9, 2025 15:22:10.033501000 +08	192.168.0.132,8.8.8.8	192.168.0.115,10.45.0.27	0x00000001	160
Oct  9, 2025 15:22:10.208579000 +08	192.168.0.115,10.45.0.27	192.168.0.132,8.8.8.8	0x00004af3	143
Oct  9, 2025 15:22:10.233560000 +08	192.168.0.132,8.8.8.8	192.168.0.115,10.45.0.27	0x00000001	143
Oct  9, 2025 15:22:10.424127000 +08	192.168.0.115,10.45.0.27	192.168.0.132,8.8.8.8	0x00004af3	127
Oct  9, 2025 15:22:10.454435000 +08	192.168.0.132,8.8.8.8	192.168.0.115,10.45.0.27	0x00000001	127
Oct  9, 2025 15:22:10.640923000 +08	192.168.0.115,10.45.0.27	192.168.0.132,8.8.8.8	0x00004af3	169
Oct  9, 2025 15:22:10.658882000 +08	192.168.0.132,8.8.8.8	192.168.0.115,10.45.0.27	0x00000001	169
Oct  9, 2025 15:22:10.847612000 +08	192.168.0.115,10.45.0.27	192.168.0.132,8.8.8.8	0x00004af3	138
Oct  9, 2025 15:22:10.865353000 +08	192.168.0.132,8.8.8.8	192.168.0.115,10.45.0.27	0x00000001	138
Oct  9, 2025 15:22:11.104265000 +08	192.168.0.115,10.45.0.27	192.168.0.132,8.8.8.8	0x00004af3	134
Oct  9, 2025 15:22:11.124850000 +08	192.168.0.132,8.8.8.8	192.168.0.115,10.45.0.27	0x00000001	134
Oct  9, 2025 15:22:11.311775000 +08	192.168.0.115,10.45.0.27	192.168.0.132,8.8.8.8	0x00004af3	142
Oct  9, 2025 15:22:11.341609000 +08	192.168.0.132,8.8.8.8	192.168.0.115,10.45.0.27	0x00000001	142
Oct  9, 2025 15:22:11.453993000 +08	192.168.0.115,10.45.0.27	192.168.0.132,8.8.8.8	0x00004af3	134
Oct  9, 2025 15:22:11.473541000 +08	192.168.0.132,8.8.8.8	192.168.0.115,10.45.0.27	0x00000001	134
Oct  9, 2025 15:22:11.665870000 +08	192.168.0.115,10.45.0.27	192.168.0.132,8.8.8.8	0x00004af3	161
Oct  9, 2025 15:22:11.693243000 +08	192.168.0.132,8.8.8.8	192.168.0.115,10.45.0.27	0x00000001	161
Oct  9, 2025 15:22:11.917810000 +08	192.168.0.115,10.45.0.27	192.168.0.132,8.8.8.8	0x00004af3	146
Oct  9, 2025 15:22:11.939917000 +08	192.168.0.132,8.8.8.8	192.168.0.115,10.45.0.27	0x00000001	146
Oct  9, 2025 15:22:12.051807000 +08	192.168.0.115,10.45.0.27	192.168.0.132,8.8.8.8	0x00004af3	160
Oct  9, 2025 15:22:12.068922000 +08	192.168.0.132,8.8.8.8	192.168.0.115,10.45.0.27	0x00000001	160
Oct  9, 2025 15:22:12.293983000 +08	192.168.0.115,10.45.0.27	192.168.0.132,8.8.8.8	0x00004af3	138
Oct  9, 2025 15:22:12.325223000 +08	192.168.0.132,8.8.8.8	192.168.0.115,10.45.0.27	0x00000001	138
Oct  9, 2025 15:22:12.434378000 +08	192.168.0.115,10.45.0.27	192.168.0.132,8.8.8.8	0x00004af3	119
Oct  9, 2025 15:22:12.455897000 +08	192.168.0.132,8.8.8.8	192.168.0.115,10.45.0.27	0x00000001	119
Oct  9, 2025 15:22:12.682675000 +08	192.168.0.115,10.45.0.27	192.168.0.132,8.8.8.8	0x00004af3	181
Oct  9, 2025 15:22:12.705036000 +08	192.168.0.132,8.8.8.8	192.168.0.115,10.45.0.27	0x00000001	181
Oct  9, 2025 15:22:12.885677000 +08	192.168.0.115,10.45.0.27	192.168.0.132,8.8.8.8	0x00004af3	129
Oct  9, 2025 15:22:12.907106000 +08	192.168.0.132,8.8.8.8	192.168.0.115,10.45.0.27	0x00000001	129
Oct  9, 2025 15:22:13.099737000 +08	192.168.0.115,10.45.0.27	192.168.0.132,8.8.8.8	0x00004af3	166
Oct  9, 2025 15:22:13.121264000 +08	192.168.0.132,8.8.8.8	192.168.0.115,10.45.0.27	0x00000001	166
Oct  9, 2025 15:22:13.293634000 +08	192.168.0.115,10.45.0.27	192.168.0.132,8.8.8.8	0x00004af3	139
Oct  9, 2025 15:22:13.313497000 +08	192.168.0.132,8.8.8.8	192.168.0.115,10.45.0.27	0x00000001	139
Oct  9, 2025 15:22:13.482979000 +08	192.168.0.115,10.45.0.27	192.168.0.132,8.8.8.8	0x00004af3	136
Oct  9, 2025 15:22:13.498192000 +08	192.168.0.132,8.8.8.8	192.168.0.115,10.45.0.27	0x00000001	136
Oct  9, 2025 15:22:13.718051000 +08	192.168.0.115,10.45.0.27	192.168.0.132,8.8.8.8	0x00004af3	159
Oct  9, 2025 15:22:13.743357000 +08	192.168.0.132,8.8.8.8	192.168.0.115,10.45.0.27	0x00000001	159
Oct  9, 2025 15:22:13.982870000 +08	192.168.0.115,10.45.0.27	192.168.0.132,8.8.8.8	0x00004af3	147
Oct  9, 2025 15:22:14.003711000 +08	192.168.0.132,8.8.8.8	192.168.0.115,10.45.0.27	0x00000001	147
Oct  9, 2025 15:22:14.222282000 +08	192.168.0.115,10.45.0.27	192.168.0.132,8.8.8.8	0x00004af3	136
Oct  9, 2025 15:22:14.241504000 +08	192.168.0.132,8.8.8.8	192.168.0.115,10.45.0.27	0x00000001	136
Oct  9, 2025 15:22:14.455456000 +08	192.168.0.115,10.45.0.27	192.168.0.132,8.8.8.8	0x00004af3	132
Oct  9, 2025 15:22:14.470948000 +08	192.168.0.132,8.8.8.8	192.168.0.115,10.45.0.27	0x00000001	132
Oct  9, 2025 15:22:14.684271000 +08	192.168.0.115,10.45.0.27	192.168.0.132,8.8.8.8	0x00004af3	141
Oct  9, 2025 15:22:14.698457000 +08	192.168.0.132,8.8.8.8	192.168.0.115,10.45.0.27	0x00000001	141
Oct  9, 2025 15:22:14.789613000 +08	192.168.0.115,10.45.0.27	192.168.0.132,8.8.8.8	0x00004af3	133
Oct  9, 2025 15:22:14.805534000 +08	192.168.0.132,8.8.8.8	192.168.0.115,10.45.0.27	0x00000001	133
Oct  9, 2025 15:22:14.969975000 +08	192.168.0.115,10.45.0.27	192.168.0.132,8.8.8.8	0x00004af3	168
Oct  9, 2025 15:22:14.988977000 +08	192.168.0.132,8.8.8.8	192.168.0.115,10.45.0.27	0x00000001	168
Oct  9, 2025 15:22:15.208213000 +08	192.168.0.115,10.45.0.27	192.168.0.132,8.8.8.8	0x00004af3	149
Oct  9, 2025 15:22:15.229492000 +08	192.168.0.132,8.8.8.8	192.168.0.115,10.45.0.27	0x00000001	149
Oct  9, 2025 15:22:15.340621000 +08	192.168.0.115,10.45.0.27	192.168.0.132,8.8.8.8	0x00004af3	128
Oct  9, 2025 15:22:15.368856000 +08	192.168.0.132,8.8.8.8	192.168.0.115,10.45.0.27	0x00000001	128
Oct  9, 2025 15:22:15.609907000 +08	192.168.0.115,10.45.0.27	192.168.0.132,8.8.8.8	0x00004af3	129
Oct  9, 2025 15:22:15.630578000 +08	192.168.0.132,8.8.8.8	192.168.0.115,10.45.0.27	0x00000001	129
Oct  9, 2025 15:22:15.742002000 +08	192.168.0.115,10.45.0.27	192.168.0.132,8.8.8.8	0x00004af3	123
Oct  9, 2025 15:22:15.765791000 +08	192.168.0.132,8.8.8.8	192.168.0.115,10.45.0.27	0x00000001	123
Oct  9, 2025 15:22:15.964952000 +08	192.168.0.115,10.45.0.27	192.168.0.132,8.8.8.8	0x00004af3	138
Oct  9, 2025 15:22:15.985516000 +08	192.168.0.132,8.8.8.8	192.168.0.115,10.45.0.27	0x00000001	138
Oct  9, 2025 15:22:16.208938000 +08	192.168.0.115,10.45.0.27	192.168.0.132,8.8.8.8	0x00004af3	123
Oct  9, 2025 15:22:16.224642000 +08	192.168.0.132,8.8.8.8	192.168.0.115,10.45.0.27	0x00000001	123
Oct  9, 2025 15:22:16.436095000 +08	192.168.0.115,10.45.0.27	192.168.0.132,8.8.8.8	0x00004af3	132
Oct  9, 2025 15:22:16.454988000 +08	192.168.0.132,8.8.8.8	192.168.0.115,10.45.0.27	0x00000001	132
Oct  9, 2025 15:22:16.658039000 +08	192.168.0.115,10.45.0.27	192.168.0.132,8.8.8.8	0x00004af3	161
Oct  9, 2025 15:22:16.675448000 +08	192.168.0.132,8.8.8.8	192.168.0.115,10.45.0.27	0x00000001	161
Oct  9, 2025 15:22:16.883716000 +08	192.168.0.115,10.45.0.27	192.168.0.132,8.8.8.8	0x00004af3	141
Oct  9, 2025 15:22:16.900313000 +08	192.168.0.132,8.8.8.8	192.168.0.115,10.45.0.27	0x00000001	141
Oct  9, 2025 15:22:17.113291000 +08	192.168.0.115,10.45.0.27	192.168.0.132,8.8.8.8	0x00004af3	124
Oct  9, 2025 15:22:17.131164000 +08	192.168.0.132,8.8.8.8	192.168.0.115,10.45.0.27	0x00000001	124
Oct  9, 2025 15:22:17.345599000 +08	192.168.0.115,10.45.0.27	192.168.0.132,8.8.8.8	0x00004af3	176
Oct  9, 2025 15:22:17.365425000 +08	192.168.0.132,8.8.8.8	192.168.0.115,10.45.0.27	0x00000001	176
Oct  9, 2025 15:22:17.561950000 +08	192.168.0.115,10.45.0.27	192.168.0.132,8.8.8.8	0x00004af3	125
Oct  9, 2025 15:22:17.580974000 +08	192.168.0.132,8.8.8.8	192.168.0.115,10.45.0.27	0x00000001	125
Oct  9, 2025 15:22:17.798341000 +08	192.168.0.115,10.45.0.27	192.168.0.132,8.8.8.8	0x00004af3	178
Oct  9, 2025 15:22:17.813555000 +08	192.168.0.132,8.8.8.8	192.168.0.115,10.45.0.27	0x00000001	178
Oct  9, 2025 15:22:17.995186000 +08	192.168.0.115,10.45.0.27	192.168.0.132,8.8.8.8	0x00004af3	152
Oct  9, 2025 15:22:18.014992000 +08	192.168.0.132,8.8.8.8	192.168.0.115,10.45.0.27	0x00000001	152
Oct  9, 2025 15:22:18.232141000 +08	192.168.0.115,10.45.0.27	192.168.0.132,8.8.8.8	0x00004af3	155
Oct  9, 2025 15:22:18.252943000 +08	192.168.0.132,8.8.8.8	192.168.0.115,10.45.0.27	0x00000001	155
Oct  9, 2025 15:22:18.432736000 +08	192.168.0.115,10.45.0.27	192.168.0.132,8.8.8.8	0x00004af3	168
Oct  9, 2025 15:22:18.450087000 +08	192.168.0.132,8.8.8.8	192.168.0.115,10.45.0.27	0x00000001	168
Oct  9, 2025 15:22:18.616121000 +08	192.168.0.115,10.45.0.27	192.168.0.132,8.8.8.8	0x00004af3	159
Oct  9, 2025 15:22:18.641666000 +08	192.168.0.132,8.8.8.8	192.168.0.115,10.45.0.27	0x00000001	159
Oct  9, 2025 15:22:18.813953000 +08	192.168.0.115,10.45.0.27	192.168.0.132,8.8.8.8	0x00004af3	119
Oct  9, 2025 15:22:18.830477000 +08	192.168.0.132,8.8.8.8	192.168.0.115,10.45.0.27	0x00000001	119
Oct  9, 2025 15:22:19.035012000 +08	192.168.0.115,10.45.0.27	192.168.0.132,8.8.8.8	0x00004af3	150
Oct  9, 2025 15:22:19.053211000 +08	192.168.0.132,8.8.8.8	192.168.0.115,10.45.0.27	0x00000001	150
Oct  9, 2025 15:22:19.172851000 +08	192.168.0.115,10.45.0.27	192.168.0.132,8.8.8.8	0x00004af3	138
Oct  9, 2025 15:22:19.196275000 +08	192.168.0.132,8.8.8.8	192.168.0.115,10.45.0.27	0x00000001	138
Oct  9, 2025 15:22:19.436946000 +08	192.168.0.115,10.45.0.27	192.168.0.132,8.8.8.8	0x00004af3	135
Oct  9, 2025 15:22:19.460307000 +08	192.168.0.132,8.8.8.8	192.168.0.115,10.45.0.27	0x00000001	135
Oct  9, 2025 15:22:19.624965000 +08	192.168.0.115,10.45.0.27	192.168.0.132,8.8.8.8	0x00004af3	168
Oct  9, 2025 15:22:19.647456000 +08	192.168.0.132,8.8.8.8	192.168.0.115,10.45.0.27	0x00000001	168
Oct  9, 2025 15:22:19.862741000 +08	192.168.0.115,10.45.0.27	192.168.0.132,8.8.8.8	0x00004af3	137
Oct  9, 2025 15:22:19.892469000 +08	192.168.0.132,8.8.8.8	192.168.0.115,10.45.0.27	0x00000001	137
Oct  9, 2025 15:22:20.113460000 +08	192.168.0.115,10.45.0.27	192.168.0.132,8.8.8.8	0x00004af3	176
Oct  9, 2025 15:22:20.130123000 +08	192.168.0.132,8.8.8.8	192.168.0.115,10.45.0.27	0x00000001	176
Oct  9, 2025 15:22:20.342697000 +08	192.168.0.115,10.45.0.27	192.168.0.132,8.8.8.8	0x00004af3	163
Oct  9, 2025 15:22:20.358980000 +08	192.168.0.132,8.8.8.8	192.168.0.115,10.45.0.27	0x00000001	163
Oct  9, 2025 15:22:20.565893000 +08	192.168.0.115,10.45.0.27	192.168.0.132,8.8.8.8	0x00004af3	158
Oct  9, 2025 15:22:20.585482000 +08	192.168.0.132,8.8.8.8	192.168.0.115,10.45.0.27	0x00000001	158
Oct  9, 2025 15:22:20.827024000 +08	192.168.0.115,10.45.0.27	192.168.0.132,8.8.8.8	0x00004af3	123
Oct  9, 2025 15:22:20.844741000 +08	192.168.0.132,8.8.8.8	192.168.0.115,10.45.0.27	0x00000001	123
Oct  9, 2025 15:22:21.056284000 +08	192.168.0.115,10.45.0.27	192.168.0.132,8.8.8.8	0x00004af3	159
Oct  9, 2025 15:22:21.073449000 +08	192.168.0.132,8.8.8.8	192.168.0.115,10.45.0.27	0x00000001	159
Oct  9, 2025 15:22:21.293657000 +08	192.168.0.115,10.45.0.27	192.168.0.132,8.8.8.8	0x00004af3	146
Oct  9, 2025 15:22:21.313669000 +08	192.168.0.132,8.8.8.8	192.168.0.115,10.45.0.27	0x00000001	146
Oct  9, 2025 15:22:21.538931000 +08	192.168.0.115,10.45.0.27	192.168.0.132,8.8.8.8	0x00004af3	130
Oct  9, 2025 15:22:21.556540000 +08	192.168.0.132,8.8.8.8	192.168.0.115,10.45.0.27	0x00000001	130
Oct  9, 2025 15:22:21.729338000 +08	192.168.0.115,10.45.0.27	192.168.0.132,8.8.8.8	0x00004af3	161
Oct  9, 2025 15:22:21.751839000 +08	192.168.0.132,8.8.8.8	192.168.0.115,10.45.0.27	0x00000001	161
Oct  9, 2025 15:22:21.962450000 +08	192.168.0.115,10.45.0.27	192.168.0.132,8.8.8.8	0x00004af3	134
Oct  9, 2025 15:22:21.979853000 +08	192.168.0.132,8.8.8.8	192.168.0.115,10.45.0.27	0x00000001	134
Oct  9, 2025 15:22:22.182799000 +08	192.168.0.115,10.45.0.27	192.168.0.132,8.8.8.8	0x00004af3	144
Oct  9, 2025 15:22:22.204477000 +08	192.168.0.132,8.8.8.8	192.168.0.115,10.45.0.27	0x00000001	144
Oct  9, 2025 15:22:22.401827000 +08	192.168.0.115,10.45.0.27	192.168.0.132,8.8.8.8	0x00004af3	162
Oct  9, 2025 15:22:22.418619000 +08	192.168.0.132,8.8.8.8	192.168.0.115,10.45.0.27	0x00000001	162
Oct  9, 2025 15:22:22.598336000 +08	192.168.0.115,10.45.0.27	192.168.0.132,8.8.8.8	0x00004af3	121
Oct  9, 2025 15:22:22.613060000 +08	192.168.0.132,8.8.8.8	192.168.0.115,10.45.0.27	0x00000001	121
Oct  9, 2025 15:22:22.839483000 +08	192.168.0.115,10.45.0.27	192.168.0.132,8.8.8.8	0x00004af3	139
Oct  9, 2025 15:22:22.872246000 +08	192.168.0.132,8.8.8.8	192.168.0.115,10.45.0.27	0x00000001	139
Oct  9, 2025 15:22:23.043971000 +08	192.168.0.115,10.45.0.27	192.168.0.132,8.8.8.8	0x00004af3	181
Oct  9, 2025 15:22:23.059046000 +08	192.168.0.132,8.8.8.8	192.168.0.115,10.45.0.27	0x00000001	181
Oct  9, 2025 15:22:23.293983000 +08	192.168.0.115,10.45.0.27	192.168.0.132,8.8.8.8	0x00004af3	141
Oct  9, 2025 15:22:23.311053000 +08	192.168.0.132,8.8.8.8	192.168.0.115,10.45.0.27	0x00000001	141
Oct  9, 2025 15:22:23.516688000 +08	192.168.0.115,10.45.0.27	192.168.0.132,8.8.8.8	0x00004af3	127
Oct  9, 2025 15:22:23.546790000 +08	192.168.0.132,8.8.8.8	192.168.0.115,10.45.0.27	0x00000001	127
Oct  9, 2025 15:22:23.766645000 +08	192.168.0.115,10.45.0.27	192.168.0.132,8.8.8.8	0x00004af3	158
Oct  9, 2025 15:22:23.785490000 +08	192.168.0.132,8.8.8.8	192.168.0.115,10.45.0.27	0x00000001	158
Oct  9, 2025 15:22:24.000666000 +08	192.168.0.115,10.45.0.27	192.168.0.132,8.8.8.8	0x00004af3	155
Oct  9, 2025 15:22:24.013512000 +08	192.168.0.132,8.8.8.8	192.168.0.115,10.45.0.27	0x00000001	155
Oct  9, 2025 15:22:24.213390000 +08	192.168.0.115,10.45.0.27	192.168.0.132,8.8.8.8	0x00004af3	156
Oct  9, 2025 15:22:24.228692000 +08	192.168.0.132,8.8.8.8	192.168.0.115,10.45.0.27	0x00000001	156
Oct  9, 2025 15:22:24.419386000 +08	192.168.0.115,10.45.0.27	192.168.0.132,8.8.8.8	0x00004af3	130
Oct  9, 2025 15:22:24.438731000 +08	192.168.0.132,8.8.8.8	192.168.0.115,10.45.0.27	0x00000001	130
Oct  9, 2025 15:22:24.611075000 +08	192.168.0.115,10.45.0.27	192.168.0.132,8.8.8.8	0x00004af3	171
Oct  9, 2025 15:22:24.629119000 +08	192.168.0.132,8.8.8.8	192.168.0.115,10.45.0.27	0x00000001	171
Oct  9, 2025 15:22:24.796641000 +08	192.168.0.115,10.45.0.27	192.168.0.132,8.8.8.8	0x00004af3	175
Oct  9, 2025 15:22:24.815239000 +08	192.168.0.132,8.8.8.8	192.168.0.115,10.45.0.27	0x00000001	175
Oct  9, 2025 15:22:25.011418000 +08	192.168.0.115,10.45.0.27	192.168.0.132,8.8.8.8	0x00004af3	175
Oct  9, 2025 15:22:25.031086000 +08	192.168.0.132,8.8.8.8	192.168.0.115,10.45.0.27	0x00000001	175
Oct  9, 2025 15:22:25.138690000 +08	192.168.0.115,10.45.0.27	192.168.0.132,8.8.8.8	0x00004af3	129
Oct  9, 2025 15:22:25.165073000 +08	192.168.0.132,8.8.8.8	192.168.0.115,10.45.0.27	0x00000001	129
Oct  9, 2025 15:22:25.335976000 +08	192.168.0.115,10.45.0.27	192.168.0.132,8.8.8.8	0x00004af3	171
Oct  9, 2025 15:22:25.360373000 +08	192.168.0.132,8.8.8.8	192.168.0.115,10.45.0.27	0x00000001	171
Oct  9, 2025 15:22:25.588737000 +08	192.168.0.115,10.45.0.27	192.168.0.132,8.8.8.8	0x00004af3	160
Oct  9, 2025 15:22:25.610311000 +08	192.168.0.132,8.8.8.8	192.168.0.115,10.45.0.27	0x00000001	160
Oct  9, 2025 15:22:25.846955000 +08	192.168.0.115,10.45.0.27	192.168.0.132,8.8.8.8	0x00004af3	156
Oct  9, 2025 15:22:25.873508000 +08	192.168.0.132,8.8.8.8	192.168.0.115,10.45.0.27	0x00000001	156
Oct  9, 2025 15:22:26.056572000 +08	192.168.0.115,10.45.0.27	192.168.0.132,8.8.8.8	0x00004af3	181
Oct  9, 2025 15:22:26.078577000 +08	192.168.0.132,8.8.8.8	192.168.0.115,10.45.0.27	0x00000001	181
Oct  9, 2025 15:22:26.188013000 +08	192.168.0.115,10.45.0.27	192.168.0.132,8.8.8.8	0x00004af3	168
Oct  9, 2025 15:22:26.203635000 +08	192.168.0.132,8.8.8.8	192.168.0.115,10.45.0.27	0x00000001	168
Oct  9, 2025 15:22:26.444095000 +08	192.168.0.115,10.45.0.27	192.168.0.132,8.8.8.8	0x00004af3	158
Oct  9, 2025 15:22:26.470789000 +08	192.168.0.132,8.8.8.8	192.168.0.115,10.45.0.27	0x00000001	158
Oct  9, 2025 15:22:26.708196000 +08	192.168.0.115,10.45.0.27	192.168.0.132,8.8.8.8	0x00004af3	149
Oct  9, 2025 15:22:26.723249000 +08	192.168.0.132,8.8.8.8	192.168.0.115,10.45.0.27	0x00000001	149
Oct  9, 2025 15:22:26.914728000 +08	192.168.0.115,10.45.0.27	192.168.0.132,8.8.8.8	0x00004af3	156
Oct  9, 2025 15:22:26.943948000 +08	192.168.0.132,8.8.8.8	192.168.0.115,10.45.0.27	0x00000001	156
Oct  9, 2025 15:22:27.109241000 +08	192.168.0.115,10.45.0.27	192.168.0.132,8.8.8.8	0x00004af3	146
Oct  9, 2025 15:22:27.128130000 +08	192.168.0.132,8.8.8.8	192.168.0.115,10.45.0.27	0x00000001	146
Oct  9, 2025 15:22:27.321653000 +08	192.168.0.115,10.45.0.27	192.168.0.132,8.8.8.8	0x00004af3	151
Oct  9, 2025 15:22:27.342275000 +08	192.168.0.132,8.8.8.8	192.168.0.115,10.45.0.27	0x00000001	151
Oct  9, 2025 15:22:27.511511000 +08	192.168.0.115,10.45.0.27	192.168.0.132,8.8.8.8	0x00004af3	140
Oct  9, 2025 15:22:27.529505000 +08	192.168.0.132,8.8.8.8	192.168.0.115,10.45.0.27	0x00000001	140
Oct  9, 2025 15:22:27.771480000 +08	192.168.0.115,10.45.0.27	192.168.0.132,8.8.8.8	0x00004af3	155
Oct  9, 2025 15:22:27.798177000 +08	192.168.0.132,8.8.8.8	192.168.0.115,10.45.0.27	0x00000001	155
Oct  9, 2025 15:22:28.000181000 +08	192.168.0.115,10.45.0.27	192.168.0.132,8.8.8.8	0x00004af3	166
Oct  9, 2025 15:22:28.025312000 +08	192.168.0.132,8.8.8.8	192.168.0.115,10.45.0.27	0x00000001	166
Oct  9, 2025 15:22:28.203571000 +08	192.168.0.115,10.45.0.27	192.168.0.132,8.8.8.8	0x00004af3	131
Oct  9, 2025 15:22:28.220049000 +08	192.168.0.132,8.8.8.8	192.168.0.115,10.45.0.27	0x00000001	131
Oct  9, 2025 15:22:28.387463000 +08	192.168.0.115,10.45.0.27	192.168.0.132,8.8.8.8	0x00004af3	165
Oct  9, 2025 15:22:28.415295000 +08	192.168.0.132,8.8.8.8	192.168.0.115,10.45.0.27	0x00000001	165
Oct  9, 2025 15:22:28.621923000 +08	192.168.0.115,10.45.0.27	192.168.0.132,8.8.8.8	0x00004af3	145
Oct  9, 2025 15:22:28.649898000 +08	192.168.0.132,8.8.8.8	192.168.0.115,10.45.0.27	0x00000001	145
Oct  9, 2025 15:22:28.857621000 +08	192.168.0.115,10.45.0.27	192.168.0.132,8.8.8.8	0x00004af3	138
Oct  9, 2025 15:22:28.875796000 +08	192.168.0.132,8.8.8.8	192.168.0.115,10.45.0.27	0x00000001	138
Oct  9, 2025 15:22:29.064386000 +08	192.168.0.115,10.45.0.27	192.168.0.132,8.8.8.8	0x00004af3	144
Oct  9, 2025 15:22:29.084732000 +08	192.168.0.132,8.8.8.8	192.168.0.115,10.45.0.27	0x00000001	144
Oct  9, 2025 15:22:29.306873000 +08	192.168.0.115,10.45.0.27	192.168.0.132,8.8.8.8	0x00004af3	159
Oct  9, 2025 15:22:29.326521000 +08	192.168.0.132,8.8.8.8	192.168.0.115,10.45.0.27	0x00000001	159
Oct  9, 2025 15:22:29.433673000 +08	192.168.0.115,10.45.0.27	192.168.0.132,8.8.8.8	0x00004af3	150
Oct  9, 2025 15:22:29.449056000 +08	192.168.0.132,8.8.8.8	192.168.0.115,10.45.0.27	0x00000001	150
Oct  9, 2025 15:22:29.632857000 +08	192.168.0.115,10.45.0.27	192.168.0.132,8.8.8.8	0x00004af3	180
Oct  9, 2025 15:22:29.650608000 +08	192.168.0.132,8.8.8.8	192.168.0.115,10.45.0.27	0x00000001	180
Oct  9, 2025 15:22:29.841762000 +08	192.168.0.115,10.45.0.27	192.168.0.132,8.8.8.8	0x00004af3	166
Oct  9, 2025 15:22:29.859242000 +08	192.168.0.132,8.8.8.8	192.168.0.115,10.45.0.27	0x00000001	166
Oct  9, 2025 15:22:30.095286000 +08	192.168.0.115,10.45.0.27	192.168.0.132,8.8.8.8	0x00004af3	155
Oct  9, 2025 15:22:30.119590000 +08	192.168.0.132,8.8.8.8	192.168.0.115,10.45.0.27	0x00000001	155
Oct  9, 2025 15:22:30.301137000 +08	192.168.0.115,10.45.0.27	192.168.0.132,8.8.8.8	0x00004af3	135
Oct  9, 2025 15:22:30.321346000 +08	192.168.0.132,8.8.8.8	192.168.0.115,10.45.0.27	0x00000001	135
Oct  9, 2025 15:22:30.525291000 +08	192.168.0.115,10.45.0.27	192.168.0.132,8.8.8.8	0x00004af3	174
Oct  9, 2025 15:22:30.545859000 +08	192.168.0.132,8.8.8.8	192.168.0.115,10.45.0.27	0x00000001	174
Oct  9, 2025 15:22:30.788240000 +08	192.168.0.115,10.45.0.27	192.168.0.132,8.8.8.8	0x00004af3	150
Oct  9, 2025 15:22:30.813629000 +08	192.168.0.132,8.8.8.8	192.168.0.115,10.45.0.27	0x00000001	150
Oct  9, 2025 15:22:31.050914000 +08	192.168.0.115,10.45.0.27	192.168.0.132,8.8.8.8	0x00004af3	132
Oct  9, 2025 15:22:31.073040000 +08	192.168.0.132,8.8.8.8	192.168.0.115,10.45.0.27	0x00000001	132
Oct  9, 2025 15:22:31.284750000 +08	192.168.0.115,10.45.0.27	192.168.0.132,8.8.8.8	0x00004af3	144
Oct  9, 2025 15:22:31.303581000 +08	192.168.0.132,8.8.8.8	192.168.0.115,10.45.0.27	0x00000001	144
Oct  9, 2025 15:22:31.538935000 +08	192.168.0.115,10.45.0.27	192.168.0.132,8.8.8.8	0x00004af3	182
Oct  9, 2025 15:22:31.556971000 +08	192.168.0.132,8.8.8.8	192.168.0.115,10.45.0.27	0x00000001	182
Oct  9, 2025 15:22:31.765110000 +08	192.168.0.115,10.45.0.27	192.168.0.132,8.8.8.8	0x00004af3	142
Oct  9, 2025 15:22:31.786721000 +08	192.168.0.132,8.8.8.8	192.168.0.115,10.45.0.27	0x00000001	142
Oct  9, 2025 15:22:32.005211000 +08	192.168.0.115,10.45.0.27	192.168.0.132,8.8.8.8	0x00004af3	146
Oct  9, 2025 15:22:32.025552000 +08	192.168.0.132,8.8.8.8	192.168.0.115,10.45.0.27	0x00000001	146
Oct  9, 2025 15:22:32.193404000 +08	192.168.0.115,10.45.0.27	192.168.0.132,8.8.8.8	0x00004af3	166
Oct  9, 2025 15:22:32.217449000 +08	192.168.0.132,8.8.8.8	192.168.0.115,10.45.0.27	0x00000001	166
Oct  9, 2025 15:22:32.403896000 +08	192.168.0.115,10.45.0.27	192.168.0.132,8.8.8.8	0x00004af3	123
Oct  9, 2025 15:22:32.420743000 +08	192.168.0.132,8.8.8.8	192.168.0.115,10.45.0.27	0x00000001	123
Oct  9, 2025 15:22:32.515636000 +08	192.168.0.115,10.45.0.27	192.168.0.132,8.8.8.8	0x00004af3	161
Oct  9, 2025 15:22:32.539796000 +08	192.168.0.132,8.8.8.8	192.168.0.115,10.45.0.27	0x00000001	161
Oct  9, 2025 15:22:32.731098000 +08	192.168.0.115,10.45.0.27	192.168.0.132,8.8.8.8	0x00004af3	174
Oct  9, 2025 15:22:32.750752000 +08	192.168.0.132,8.8.8.8	192.168.0.115,10.45.0.27	0x00000001	174
Oct  9, 2025 15:22:32.948326000 +08	192.168.0.115,10.45.0.27	192.168.0.132,8.8.8.8	0x00004af3	124
Oct  9, 2025 15:22:32.969805000 +08	192.168.0.132,8.8.8.8	192.168.0.115,10.45.0.27	0x00000001	124
Oct  9, 2025 15:22:33.165390000 +08	192.168.0.115,10.45.0.27	192.168.0.132,8.8.8.8	0x00004af3	125
Oct  9, 2025 15:22:33.185389000 +08	192.168.0.132,8.8.8.8	192.168.0.115,10.45.0.27	0x00000001	125
Oct  9, 2025 15:22:33.424296000 +08	192.168.0.115,10.45.0.27	192.168.0.132,8.8.8.8	0x00004af3	160
Oct  9, 2025 15:22:33.447976000 +08	192.168.0.132,8.8.8.8	192.168.0.115,10.45.0.27	0x00000001	160
Oct  9, 2025 15:22:33.644556000 +08	192.168.0.115,10.45.0.27	192.168.0.132,8.8.8.8	0x00004af3	135
Oct  9, 2025 15:22:33.666831000 +08	192.168.0.132,8.8.8.8	192.168.0.115,10.45.0.27	0x00000001	135
Oct  9, 2025 15:22:33.867256000 +08	192.168.0.115,10.45.0.27	192.168.0.132,8.8.8.8	0x00004af3	136
Oct  9, 2025 15:22:33.883528000 +08	192.168.0.132,8.8.8.8	192.168.0.115,10.45.0.27	0x00000001	136
Oct  9, 2025 15:22:34.070457000 +08	192.168.0.115,10.45.0.27	192.168.0.132,8.8.8.8	0x00004af3	130
Oct  9, 2025 15:22:34.092756000 +08	192.168.0.132,8.8.8.8	192.168.0.115,10.45.0.27	0x00000001	130
Oct  9, 2025 15:22:34.309315000 +08	192.168.0.115,10.45.0.27	192.168.0.132,8.8.8.8	0x00004af3	167
Oct  9, 2025 15:22:34.326733000 +08	192.168.0.132,8.8.8.8	192.168.0.115,10.45.0.27	0x00000001	167
Oct  9, 2025 15:22:34.560405000 +08	192.168.0.115,10.45.0.27	192.168.0.132,8.8.8.8	0x00004af3	121
Oct  9, 2025 15:22:34.591313000 +08	192.168.0.132,8.8.8.8	192.168.0.115,10.45.0.27	0x00000001	121
Oct  9, 2025 15:22:34.782915000 +08	192.168.0.115,10.45.0.27	192.168.0.132,8.8.8.8	0x00004af3	130
Oct  9, 2025 15:22:34.809585000 +08	192.168.0.132,8.8.8.8	192.168.0.115,10.45.0.27	0x00000001	130
Oct  9, 2025 15:22:35.003401000 +08	192.168.0.115,10.45.0.27	192.168.0.132,8.8.8.8	0x00004af3	125
Oct  9, 2025 15:22:35.028527000 +08	192.168.0.132,8.8.8.8	192.168.0.115,10.45.0.27	0x00000001	125
Oct  9, 2025 15:22:35.266733000 +08	192.168.0.115,10.45.0.27	192.168.0.132,8.8.8.8	0x00004af3	142
Oct  9, 2025 15:22:35.290665000 +08	192.168.0.132,8.8.8.8	192.168.0.115,10.45.0.27	0x00000001	142
Oct  9, 2025 15:22:35.526784000 +08	192.168.0.115,10.45.0.27	192.168.0.132,8.8.8.8	0x00004af3	152
Oct  9, 2025 15:22:35.545247000 +08	192.168.0.132,8.8.8.8	192.168.0.115,10.45.0.27	0x00000001	152
Oct  9, 2025 15:22:35.783996000 +08	192.168.0.115,10.45.0.27	192.168.0.132,8.8.8.8	0x00004af3	157
Oct  9, 2025 15:22:35.804659000 +08	192.168.0.132,8.8.8.8	192.168.0.115,10.45.0.27	0x00000001	157
Oct  9, 2025 15:22:35.973473000 +08	192.168.0.115,10.45.0.27	192.168.0.132,8.8.8.8	0x00004af3	182
Oct  9, 2025 15:22:36.002675000 +08	192.168.0.132,8.8.8.8	192.168.0.115,10.45.0.27	0x00000001	182
Oct  9, 2025 15:22:36.168108000 +08	192.168.0.115,10.45.0.27	192.168.0.132,8.8.8.8	0x00004af3	120
Oct  9, 2025 15:22:36.183590000 +08	192.168.0.132,8.8.8.8	192.168.0.115,10.45.0.27	0x00000001	120
Oct  9, 2025 15:22:36.283546000 +08	192.168.0.115,10.45.0.27	192.168.0.132,8.8.8.8	0x00004af3	147
Oct  9, 2025 15:22:36.304727000 +08	192.168.0.132,8.8.8.8	192.168.0.115,10.45.0.27	0x00000001	147
Oct  9, 2025 15:22:36.544911000 +08	192.168.0.115,10.45.0.27	192.168.0.132,8.8.8.8	0x00004af3	136
Oct  9, 2025 15:22:36.568535000 +08	192.168.0.132,8.8.8.8	192.168.0.115,10.45.0.27	0x00000001	136
Oct  9, 2025 15:22:36.810745000 +08	192.168.0.115,10.45.0.27	192.168.0.132,8.8.8.8	0x00004af3	134
Oct  9, 2025 15:22:36.838624000 +08	192.168.0.132,8.8.8.8	192.168.0.115,10.45.0.27	0x00000001	134
Oct  9, 2025 15:22:37.028160000 +08	192.168.0.115,10.45.0.27	192.168.0.132,8.8.8.8	0x00004af3	180
Oct  9, 2025 15:22:37.054996000 +08	192.168.0.132,8.8.8.8	192.168.0.115,10.45.0.27	0x00000001	180
Oct  9, 2025 15:22:37.234340000 +08	192.168.0.115,10.45.0.27	192.168.0.132,8.8.8.8	0x00004af3	137
Oct  9, 2025 15:22:37.255553000 +08	192.168.0.132,8.8.8.8	192.168.0.115,10.45.0.27	0x00000001	137
Oct  9, 2025 15:22:37.492688000 +08	192.168.0.115,10.45.0.27	192.168.0.132,8.8.8.8	0x00004af3	156
Oct  9, 2025 15:22:37.518101000 +08	192.168.0.132,8.8.8.8	192.168.0.115,10.45.0.27	0x00000001	156
Oct  9, 2025 15:22:37.726460000 +08	192.168.0.115,10.45.0.27	192.168.0.132,8.8.8.8	0x00004af3	152
Oct  9, 2025 15:22:37.745026000 +08	192.168.0.132,8.8.8.8	192.168.0.115,10.45.0.27	0x00000001	152
Oct  9, 2025 15:22:37.935870000 +08	192.168.0.115,10.45.0.27	192.168.0.132,8.8.8.8	0x00004af3	149
Oct  9, 2025 15:22:37.959202000 +08	192.168.0.132,8.8.8.8	192.168.0.115,10.45.0.27	0x00000001	149
Oct  9, 2025 15:22:38.194170000 +08	192.168.0.115,10.45.0.27	192.168.0.132,8.8.8.8	0x00004af3	141
Oct  9, 2025 15:22:38.221301000 +08	192.168.0.132,8.8.8.8	192.168.0.115,10.45.0.27	0x00000001	141
Oct  9, 2025 15:22:38.435411000 +08	192.168.0.115,10.45.0.27	192.168.0.132,8.8.8.8	0x00004af3	169
Oct  9, 2025 15:22:38.455087000 +08	192.168.0.132,8.8.8.8	192.168.0.115,10.45.0.27	0x00000001	169
Oct  9, 2025 15:22:38.623502000 +08	192.168.0.115,10.45.0.27	192.168.0.132,8.8.8.8	0x00004af3	144
Oct  9, 2025 15:22:38.645719000 +08	192.168.0.132,8.8.8.8	192.168.0.115,10.45.0.27	0x00000001	144
Oct  9, 2025 15:22:38.847713000 +08	192.168.0.115,10.45.0.27	192.168.0.132,8.8.8.8	0x00004af3	168
Oct  9, 2025 15:22:38.863535000 +08	192.168.0.132,8.8.8.8	192.168.0.115,10.45.0.27	0x00000001	168
Oct  9, 2025 15:22:39.105556000 +08	192.168.0.115,10.45.0.27	192.168.0.132,8.8.8.8	0x00004af3	176
Oct  9, 2025 15:22:39.123642000 +08	192.168.0.132,8.8.8.8	192.168.0.115,10.45.0.27	0x00000001	176
Oct  9, 2025 15:22:39.344470000 +08	192.168.0.115,10.45.0.27	192.168.0.132,8.8.8.8	0x00004af3	124
Oct  9, 2025 15:22:39.365319000 +08	192.168.0.132,8.8.8.8	192.168.0.115,10.45.0.27	0x00000001	124
Oct  9, 2025 15:22:39.576559000 +08	192.168.0.115,10.45.0.27	192.168.0.132,8.8.8.8	0x00004af3	153
Oct  9, 2025 15:22:39.595679000 +08	192.168.0.132,8.8.8.8	192.168.0.115,10.45.0.27	0x00000001	153
Oct  9, 2025 15:22:39.821841000 +08	192.168.0.115,10.45.0.27	192.168.0.132,8.8.8.8	0x00004af3	166
Oct  9, 2025 15:22:39.838932000 +08	192.168.0.132,8.8.8.8	192.168.0.115,10.45.0.27	0x00000001	166
Oct  9, 2025 15:22:39.927933000 +08	192.168.0.115,10.45.0.27	192.168.0.132,8.8.8.8	0x00004af3	157
Oct  9, 2025 15:22:39.955413000 +08	192.168.0.132,8.8.8.8	192.168.0.115,10.45.0.27	0x00000001	157
Oct  9, 2025 15:22:40.157793000 +08	192.168.0.115,10.45.0.27	192.168.0.132,8.8.8.8	0x00004af3	172
Oct  9, 2025 15:22:40.179131000 +08	192.168.0.132,8.8.8.8	192.168.0.115,10.45.0.27	0x00000001	172
Oct  9, 2025 15:22:40.355104000 +08	192.168.0.115,10.45.0.27	192.168.0.132,8.8.8.8	0x00004af3	145
Oct  9, 2025 15:22:40.374864000 +08	192.168.0.132,8.8.8.8	192.168.0.115,10.45.0.27	0x00000001	145
Oct  9, 2025 15:22:40.548220000 +08	192.168.0.115,10.45.0.27	192.168.0.132,8.8.8.8	0x00004af3	161
Oct  9, 2025 15:22:40.563638000 +08	192.168.0.132,8.8.8.8	192.168.0.115,10.45.0.27	0x00000001	161
Oct  9, 2025 15:22:40.733481000 +08	192.168.0.115,10.45.0.27	192.168.0.132,8.8.8.8	0x00004af3	132
Oct  9, 2025 15:22:40.763495000 +08	192.168.0.132,8.8.8.8	192.168.0.115,10.45.0.27	0x00000001	132
Oct  9, 2025 15:22:40.998995000 +08	192.168.0.115,10.45.0.27	192.168.0.132,8.8.8.8	0x00004af3	153
Oct  9, 2025 15:22:41.028034000 +08	192.168.0.132,8.8.8.8	192.168.0.115,10.45.0.27	0x00000001	153
Oct  9, 2025 15:22:41.251271000 +08	192.168.0.115,10.45.0.27	192.168.0.132,8.8.8.8	0x00004af3	151
Oct  9, 2025 15:22:41.271396000 +08	192.168.0.132,8.8.8.8	192.168.0.115,10.45.0.27	0x00000001	151
Oct  9, 2025 15:22:41.475855000 +08	192.168.0.115,10.45.0.27	192.168.0.132,8.8.8.8	0x00004af3	154
Oct  9, 2025 15:22:41.493491000 +08	192.168.0.132,8.8.8.8	192.168.0.115,10.45.0.27	0x00000001	154
Oct  9, 2025 15:22:41.673953000 +08	192.168.0.115,10.45.0.27	192.168.0.132,8.8.8.8	0x00004af3	157
Oct  9, 2025 15:22:41.690731000 +08	192.168.0.132,8.8.8.8	192.168.0.115,10.45.0.27	0x00000001	157
Oct  9, 2025 15:22:41.807025000 +08	192.168.0.115,10.45.0.27	192.168.0.132,8.8.8.8	0x00004af3	136
Oct  9, 2025 15:22:41.827994000 +08	192.168.0.132,8.8.8.8	192.168.0.115,10.45.0.27	0x00000001	136
Oct  9, 2025 15:22:42.050567000 +08	192.168.0.115,10.45.0.27	192.168.0.132,8.8.8.8	0x00004af3	151
Oct  9, 2025 15:22:42.075411000 +08	192.168.0.132,8.8.8.8	192.168.0.115,10.45.0.27	0x00000001	151
Oct  9, 2025 15:22:42.270837000 +08	192.168.0.115,10.45.0.27	192.168.0.132,8.8.8.8	0x00004af3	127
Oct  9, 2025 15:22:42.298042000 +08	192.168.0.132,8.8.8.8	192.168.0.115,10.45.0.27	0x00000001	127
Oct  9, 2025 15:22:42.490621000 +08	192.168.0.115,10.45.0.27	192.168.0.132,8.8.8.8	0x00004af3	176
Oct  9, 2025 15:22:42.518159000 +08	192.168.0.132,8.8.8.8	192.168.0.115,10.45.0.27	0x00000001	176
Oct  9, 2025 15:22:42.624187000 +08	192.168.0.115,10.45.0.27	192.168.0.132,8.8.8.8	0x00004af3	160
Oct  9, 2025 15:22:42.643704000 +08	192.168.0.132,8.8.8.8	192.168.0.115,10.45.0.27	0x00000001	160
Oct  9, 2025 15:22:42.824075000 +08	192.168.0.115,10.45.0.27	192.168.0.132,8.8.8.8	0x00004af3	122
Oct  9, 2025 15:22:42.842079000 +08	192.168.0.132,8.8.8.8	192.168.0.115,10.45.0.27	0x00000001	122
Oct  9, 2025 15:22:43.058927000 +08	192.168.0.115,10.45.0.27	192.168.0.132,8.8.8.8	0x00004af3	157
Oct  9, 2025 15:22:43.078304000 +08	192.168.0.132,8.8.8.8	192.168.0.115,10.45.0.27	0x00000001	157
Oct  9, 2025 15:22:43.258246000 +08	192.168.0.115,10.45.0.27	192.168.0.132,8.8.8.8	0x00004af3	162
Oct  9, 2025 15:22:43.275184000 +08	192.168.0.132,8.8.8.8	192.168.0.115,10.45.0.27	0x00000001	162
Oct  9, 2025 15:22:43.501555000 +08	192.168.0.115,10.45.0.27	192.168.0.132,8.8.8.8	0x00004af3	126
Oct  9, 2025 15:22:43.518125000 +08	192.168.0.132,8.8.8.8	192.168.0.115,10.45.0.27	0x00000001	126
Oct  9, 2025 15:22:43.756343000 +08	192.168.0.115,10.45.0.27	192.168.0.132,8.8.8.8	0x00004af3	148
Oct  9, 2025 15:22:43.787533000 +08	192.168.0.132,8.8.8.8	192.168.0.115,10.45.0.27	0x00000001	148
Oct  9, 2025 15:22:43.994717000 +08	192.168.0.115,10.45.0.27	192.168.0.132,8.8.8.8	0x00004af3	135
Oct  9, 2025 15:22:44.012937000 +08	192.168.0.132,8.8.8.8	192.168.0.115,10.45.0.27	0x00000001	135
Oct  9, 2025 15:22:44.184938000 +08	192.168.0.115,10.45.0.27	192.168.0.132,8.8.8.8	0x00004af3	171
Oct  9, 2025 15:22:44.211158000 +08	192.168.0.132,8.8.8.8	192.168.0.115,10.45.0.27	0x00000001	171
Oct  9, 2025 15:22:44.391448000 +08	192.168.0.115,10.45.0.27	192.168.0.132,8.8.8.8	0x00004af3	172
Oct  9, 2025 15:22:44.420931000 +08	192.168.0.132,8.8.8.8	192.168.0.115,10.45.0.27	0x00000001	172
Oct  9, 2025 15:22:44.644240000 +08	192.168.0.115,10.45.0.27	192.168.0.132,8.8.8.8	0x00004af3	149
Oct  9, 2025 15:22:44.721030000 +08	192.168.0.132,8.8.8.8	192.168.0.115,10.45.0.27	0x00000001	149
Oct  9, 2025 15:22:44.893583000 +08	192.168.0.115,10.45.0.27	192.168.0.132,8.8.8.8	0x00004af3	153
Oct  9, 2025 15:22:44.912327000 +08	192.168.0.132,8.8.8.8	192.168.0.115,10.45.0.27	0x00000001	153
Oct  9, 2025 15:22:45.152226000 +08	192.168.0.115,10.45.0.27	192.168.0.132,8.8.8.8	0x00004af3	121
Oct  9, 2025 15:22:45.169913000 +08	192.168.0.132,8.8.8.8	192.168.0.115,10.45.0.27	0x00000001	121
Oct  9, 2025 15:22:45.279734000 +08	192.168.0.115,10.45.0.27	192.168.0.132,8.8.8.8	0x00004af3	142
Oct  9, 2025 15:22:45.309558000 +08	192.168.0.132,8.8.8.8	192.168.0.115,10.45.0.27	0x00000001	142
Oct  9, 2025 15:22:45.544570000 +08	192.168.0.115,10.45.0.27	192.168.0.132,8.8.8.8	0x00004af3	146
Oct  9, 2025 15:22:45.568345000 +08	192.168.0.132,8.8.8.8	192.168.0.115,10.45.0.27	0x00000001	146
Oct  9, 2025 15:22:45.747628000 +08	192.168.0.115,10.45.0.27	192.168.0.132,8.8.8.8	0x00004af3	148
Oct  9, 2025 15:22:45.767107000 +08	192.168.0.132,8.8.8.8	192.168.0.115,10.45.0.27	0x00000001	148
Oct  9, 2025 15:22:45.953086000 +08	192.168.0.115,10.45.0.27	192.168.0.132,8.8.8.8	0x00004af3	157
Oct  9, 2025 15:22:45.970254000 +08	192.168.0.132,8.8.8.8	192.168.0.115,10.45.0.27	0x00000001	157
Oct  9, 2025 15:22:46.188531000 +08	192.168.0.115,10.45.0.27	192.168.0.132,8.8.8.8	0x00004af3	160
Oct  9, 2025 15:22:46.205545000 +08	192.168.0.132,8.8.8.8	192.168.0.115,10.45.0.27	0x00000001	160
Oct  9, 2025 15:22:46.385619000 +08	192.168.0.115,10.45.0.27	192.168.0.132,8.8.8.8	0x00004af3	125
Oct  9, 2025 15:22:46.403578000 +08	192.168.0.132,8.8.8.8	192.168.0.115,10.45.0.27	0x00000001	125
Oct  9, 2025 15:22:46.600656000 +08	192.168.0.115,10.45.0.27	192.168.0.132,8.8.8.8	0x00004af3	175
Oct  9, 2025 15:22:46.613542000 +08	192.168.0.132,8.8.8.8	192.168.0.115,10.45.0.27	0x00000001	175
Oct  9, 2025 15:22:46.777806000 +08	192.168.0.115,10.45.0.27	192.168.0.132,8.8.8.8	0x00004af3	145
Oct  9, 2025 15:22:46.793586000 +08	192.168.0.132,8.8.8.8	192.168.0.115,10.45.0.27	0x00000001	145
Oct  9, 2025 15:22:46.990467000 +08	192.168.0.115,10.45.0.27	192.168.0.132,8.8.8.8	0x00004af3	144
Oct  9, 2025 15:22:47.011576000 +08	192.168.0.132,8.8.8.8	192.168.0.115,10.45.0.27	0x00000001	144
Oct  9, 2025 15:22:47.203231000 +08	192.168.0.115,10.45.0.27	192.168.0.132,8.8.8.8	0x00004af3	128
Oct  9, 2025 15:22:47.219420000 +08	192.168.0.132,8.8.8.8	192.168.0.115,10.45.0.27	0x00000001	128
Oct  9, 2025 15:22:47.304390000 +08	192.168.0.115,10.45.0.27	192.168.0.132,8.8.8.8	0x00004af3	143
Oct  9, 2025 15:22:47.337846000 +08	192.168.0.132,8.8.8.8	192.168.0.115,10.45.0.27	0x00000001	143
Oct  9, 2025 15:22:47.541963000 +08	192.168.0.115,10.45.0.27	192.168.0.132,8.8.8.8	0x00004af3	140
Oct  9, 2025 15:22:47.563553000 +08	192.168.0.132,8.8.8.8	192.168.0.115,10.45.0.27	0x00000001	140
Oct  9, 2025 15:22:47.787532000 +08	192.168.0.115,10.45.0.27	192.168.0.132,8.8.8.8	0x00004af3	134
Oct  9, 2025 15:22:47.818958000 +08	192.168.0.132,8.8.8.8	192.168.0.115,10.45.0.27	0x00000001	134
Oct  9, 2025 15:22:47.992679000 +08	192.168.0.115,10.45.0.27	192.168.0.132,8.8.8.8	0x00004af3	163
Oct  9, 2025 15:22:48.015397000 +08	192.168.0.132,8.8.8.8	192.168.0.115,10.45.0.27	0x00000001	163
Oct  9, 2025 15:22:48.245580000 +08	192.168.0.115,10.45.0.27	192.168.0.132,8.8.8.8	0x00004af3	154
Oct  9, 2025 15:22:48.264658000 +08	192.168.0.132,8.8.8.8	192.168.0.115,10.45.0.27	0x00000001	154
Oct  9, 2025 15:22:48.442721000 +08	192.168.0.115,10.45.0.27	192.168.0.132,8.8.8.8	0x00004af3	121
Oct  9, 2025 15:22:48.470180000 +08	192.168.0.132,8.8.8.8	192.168.0.115,10.45.0.27	0x00000001	121
Oct  9, 2025 15:22:48.652346000 +08	192.168.0.115,10.45.0.27	192.168.0.132,8.8.8.8	0x00004af3	158
Oct  9, 2025 15:22:48.672007000 +08	192.168.0.132,8.8.8.8	192.168.0.115,10.45.0.27	0x00000001	158
Oct  9, 2025 15:22:48.847602000 +08	192.168.0.115,10.45.0.27	192.168.0.132,8.8.8.8	0x00004af3	122
Oct  9, 2025 15:22:48.873788000 +08	192.168.0.132,8.8.8.8	192.168.0.115,10.45.0.27	0x00000001	122
Oct  9, 2025 15:22:49.043959000 +08	192.168.0.115,10.45.0.27	192.168.0.132,8.8.8.8	0x00004af3	157
Oct  9, 2025 15:22:49.061101000 +08	192.168.0.132,8.8.8.8	192.168.0.115,10.45.0.27	0x00000001	157
Oct  9, 2025 15:22:49.285464000 +08	192.168.0.115,10.45.0.27	192.168.0.132,8.8.8.8	0x00004af3	172
Oct  9, 2025 15:22:49.309526000 +08	192.168.0.132,8.8.8.8	192.168.0.115,10.45.0.27	0x00000001	172
Oct  9, 2025 15:22:49.534385000 +08	192.168.0.115,10.45.0.27	192.168.0.132,8.8.8.8	0x00004af3	143
Oct  9, 2025 15:22:49.554652000 +08	192.168.0.132,8.8.8.8	192.168.0.115,10.45.0.27	0x00000001	143
Oct  9, 2025 15:22:49.776506000 +08	192.168.0.115,10.45.0.27	192.168.0.132,8.8.8.8	0x00004af3	142
Oct  9, 2025 15:22:49.795405000 +08	192.168.0.132,8.8.8.8	192.168.0.115,10.45.0.27	0x00000001	142
Oct  9, 2025 15:22:50.009584000 +08	192.168.0.115,10.45.0.27	192.168.0.132,8.8.8.8	0x00004af3	174
Oct  9, 2025 15:22:50.028689000 +08	192.168.0.132,8.8.8.8	192.168.0.115,10.45.0.27	0x00000001	174
Oct  9, 2025 15:22:50.272120000 +08	192.168.0.115,10.45.0.27	192.168.0.132,8.8.8.8	0x00004af3	131
Oct  9, 2025 15:22:50.289086000 +08	192.168.0.132,8.8.8.8	192.168.0.115,10.45.0.27	0x00000001	131
Oct  9, 2025 15:22:50.471828000 +08	192.168.0.115,10.45.0.27	192.168.0.132,8.8.8.8	0x00004af3	143
Oct  9, 2025 15:22:50.487847000 +08	192.168.0.132,8.8.8.8	192.168.0.115,10.45.0.27	0x00000001	143
Oct  9, 2025 15:22:50.711171000 +08	192.168.0.115,10.45.0.27	192.168.0.132,8.8.8.8	0x00004af3	138
Oct  9, 2025 15:22:50.730959000 +08	192.168.0.132,8.8.8.8	192.168.0.115,10.45.0.27	0x00000001	138
Oct  9, 2025 15:22:50.928532000 +08	192.168.0.115,10.45.0.27	192.168.0.132,8.8.8.8	0x00004af3	166
Oct  9, 2025 15:22:50.947076000 +08	192.168.0.132,8.8.8.8	192.168.0.115,10.45.0.27	0x00000001	166
Oct  9, 2025 15:22:51.164021000 +08	192.168.0.115,10.45.0.27	192.168.0.132,8.8.8.8	0x00004af3	153
Oct  9, 2025 15:22:51.184832000 +08	192.168.0.132,8.8.8.8	192.168.0.115,10.45.0.27	0x00000001	153
Oct  9, 2025 15:22:51.417662000 +08	192.168.0.115,10.45.0.27	192.168.0.132,8.8.8.8	0x00004af3	152
Oct  9, 2025 15:22:51.439376000 +08	192.168.0.132,8.8.8.8	192.168.0.115,10.45.0.27	0x00000001	152
Oct  9, 2025 15:22:51.646709000 +08	192.168.0.115,10.45.0.27	192.168.0.132,8.8.8.8	0x00004af3	124
Oct  9, 2025 15:22:51.666793000 +08	192.168.0.132,8.8.8.8	192.168.0.115,10.45.0.27	0x00000001	124
Oct  9, 2025 15:22:51.849993000 +08	192.168.0.115,10.45.0.27	192.168.0.132,8.8.8.8	0x00004af3	142
Oct  9, 2025 15:22:51.869109000 +08	192.168.0.132,8.8.8.8	192.168.0.115,10.45.0.27	0x00000001	142
Oct  9, 2025 15:22:52.040687000 +08	192.168.0.115,10.45.0.27	192.168.0.132,8.8.8.8	0x00004af3	158
Oct  9, 2025 15:22:52.060780000 +08	192.168.0.132,8.8.8.8	192.168.0.115,10.45.0.27	0x00000001	158
Oct  9, 2025 15:22:52.233788000 +08	192.168.0.115,10.45.0.27	192.168.0.132,8.8.8.8	0x00004af3	144
Oct  9, 2025 15:22:52.258533000 +08	192.168.0.132,8.8.8.8	192.168.0.115,10.45.0.27	0x00000001	144
Oct  9, 2025 15:22:52.481892000 +08	192.168.0.115,10.45.0.27	192.168.0.132,8.8.8.8	0x00004af3	137
Oct  9, 2025 15:22:52.500186000 +08	192.168.0.132,8.8.8.8	192.168.0.115,10.45.0.27	0x00000001	137
Oct  9, 2025 15:22:52.735195000 +08	192.168.0.115,10.45.0.27	192.168.0.132,8.8.8.8	0x00004af3	176
Oct  9, 2025 15:22:52.763550000 +08	192.168.0.132,8.8.8.8	192.168.0.115,10.45.0.27	0x00000001	176
Oct  9, 2025 15:22:52.936515000 +08	192.168.0.115,10.45.0.27	192.168.0.132,8.8.8.8	0x00004af3	147
Oct  9, 2025 15:22:52.981204000 +08	192.168.0.132,8.8.8.8	192.168.0.115,10.45.0.27	0x00000001	147
Oct  9, 2025 15:22:53.214307000 +08	192.168.0.115,10.45.0.27	192.168.0.132,8.8.8.8	0x00004af3	176
Oct  9, 2025 15:22:53.243602000 +08	192.168.0.132,8.8.8.8	192.168.0.115,10.45.0.27	0x00000001	176
Oct  9, 2025 15:22:53.426065000 +08	192.168.0.115,10.45.0.27	192.168.0.132,8.8.8.8	0x00004af3	122
Oct  9, 2025 15:22:53.443578000 +08	192.168.0.132,8.8.8.8	192.168.0.115,10.45.0.27	0x00000001	122
Oct  9, 2025 15:22:53.561349000 +08	192.168.0.115,10.45.0.27	192.168.0.132,8.8.8.8	0x00004af3	178
Oct  9, 2025 15:22:53.590118000 +08	192.168.0.132,8.8.8.8	192.168.0.115,10.45.0.27	0x00000001	178
Oct  9, 2025 15:22:53.776930000 +08	192.168.0.115,10.45.0.27	192.168.0.132,8.8.8.8	0x00004af3	135
Oct  9, 2025 15:22:53.793384000 +08	192.168.0.132,8.8.8.8	192.168.0.115,10.45.0.27	0x00000001	135
Oct  9, 2025 15:22:53.971105000 +08	192.168.0.115,10.45.0.27	192.168.0.132,8.8.8.8	0x00004af3	123
Oct  9, 2025 15:22:53.991805000 +08	192.168.0.132,8.8.8.8	192.168.0.115,10.45.0.27	0x00000001	123
Oct  9, 2025 15:22:54.205939000 +08	192.168.0.115,10.45.0.27	192.168.0.132,8.8.8.8	0x00004af3	156
Oct  9, 2025 15:22:54.225473000 +08	192.168.0.132,8.8.8.8	192.168.0.115,10.45.0.27	0x00000001	156
Oct  9, 2025 15:22:54.466827000 +08	192.168.0.115,10.45.0.27	192.168.0.132,8.8.8.8	0x00004af3	146
Oct  9, 2025 15:22:54.483500000 +08	192.168.0.132,8.8.8.8	192.168.0.115,10.45.0.27	0x00000001	146
Oct  9, 2025 15:22:54.677572000 +08	192.168.0.115,10.45.0.27	192.168.0.132,8.8.8.8	0x00004af3	171
Oct  9, 2025 15:22:54.698876000 +08	192.168.0.132,8.8.8.8	192.168.0.115,10.45.0.27	0x00000001	171
Oct  9, 2025 15:22:54.878887000 +08	192.168.0.115,10.45.0.27	192.168.0.132,8.8.8.8	0x00004af3	150
Oct  9, 2025 15:22:54.895573000 +08	192.168.0.132,8.8.8.8	192.168.0.115,10.45.0.27	0x00000001	150
Oct  9, 2025 15:22:55.013129000 +08	192.168.0.115,10.45.0.27	192.168.0.132,8.8.8.8	0x00004af3	134
Oct  9, 2025 15:22:55.027928000 +08	192.168.0.132,8.8.8.8	192.168.0.115,10.45.0.27	0x00000001	134
Oct  9, 2025 15:22:55.248278000 +08	192.168.0.115,10.45.0.27	192.168.0.132,8.8.8.8	0x00004af3	149
Oct  9, 2025 15:22:55.268234000 +08	192.168.0.132,8.8.8.8	192.168.0.115,10.45.0.27	0x00000001	149
Oct  9, 2025 15:22:55.446753000 +08	192.168.0.115,10.45.0.27	192.168.0.132,8.8.8.8	0x00004af3	178
Oct  9, 2025 15:22:55.465641000 +08	192.168.0.132,8.8.8.8	192.168.0.115,10.45.0.27	0x00000001	178
Oct  9, 2025 15:22:55.688606000 +08	192.168.0.115,10.45.0.27	192.168.0.132,8.8.8.8	0x00004af3	160
Oct  9, 2025 15:22:55.706015000 +08	192.168.0.132,8.8.8.8	192.168.0.115,10.45.0.27	0x00000001	160
Oct  9, 2025 15:22:55.886880000 +08	192.168.0.115,10.45.0.27	192.168.0.132,8.8.8.8	0x00004af3	170
Oct  9, 2025 15:22:55.911093000 +08	192.168.0.132,8.8.8.8	192.168.0.115,10.45.0.27	0x00000001	170
Oct  9, 2025 15:22:56.133084000 +08	192.168.0.115,10.45.0.27	192.168.0.132,8.8.8.8	0x00004af3	181
Oct  9, 2025 15:22:56.151051000 +08	192.168.0.132,8.8.8.8	192.168.0.115,10.45.0.27	0x00000001	181
Oct  9, 2025 15:22:56.391521000 +08	192.168.0.115,10.45.0.27	192.168.0.132,8.8.8.8	0x00004af3	136
Oct  9, 2025 15:22:56.419697000 +08	192.168.0.132,8.8.8.8	192.168.0.115,10.45.0.27	0x00000001	136
Oct  9, 2025 15:22:56.632314000 +08	192.168.0.115,10.45.0.27	192.168.0.132,8.8.8.8	0x00004af3	146
Oct  9, 2025 15:22:56.649127000 +08	192.168.0.132,8.8.8.8	192.168.0.115,10.45.0.27	0x00000001	146
Oct  9, 2025 15:22:56.753820000 +08	192.168.0.115,10.45.0.27	192.168.0.132,8.8.8.8	0x00004af3	131
Oct  9, 2025 15:22:56.774949000 +08	192.168.0.132,8.8.8.8	192.168.0.115,10.45.0.27	0x00000001	131
Oct  9, 2025 15:22:57.009326000 +08	192.168.0.115,10.45.0.27	192.168.0.132,8.8.8.8	0x00004af3	163
Oct  9, 2025 15:22:57.028448000 +08	192.168.0.132,8.8.8.8	192.168.0.115,10.45.0.27	0x00000001	163
Oct  9, 2025 15:22:57.254657000 +08	192.168.0.115,10.45.0.27	192.168.0.132,8.8.8.8	0x00004af3	133
Oct  9, 2025 15:22:57.283559000 +08	192.168.0.132,8.8.8.8	192.168.0.115,10.45.0.27	0x00000001	133
Oct  9, 2025 15:22:57.502415000 +08	192.168.0.115,10.45.0.27	192.168.0.132,8.8.8.8	0x00004af3	125
Oct  9, 2025 15:22:57.519758000 +08	192.168.0.132,8.8.8.8	192.168.0.115,10.45.0.27	0x00000001	125
Oct  9, 2025 15:22:57.718650000 +08	192.168.0.115,10.45.0.27	192.168.0.132,8.8.8.8	0x00004af3	142
Oct  9, 2025 15:22:57.753677000 +08	192.168.0.132,8.8.8.8	192.168.0.115,10.45.0.27	0x00000001	142
Oct  9, 2025 15:22:57.953007000 +08	192.168.0.115,10.45.0.27	192.168.0.132,8.8.8.8	0x00004af3	134
Oct  9, 2025 15:22:57.971192000 +08	192.168.0.132,8.8.8.8	192.168.0.115,10.45.0.27	0x00000001	134
Oct  9, 2025 15:22:58.164601000 +08	192.168.0.115,10.45.0.27	192.168.0.132,8.8.8.8	0x00004af3	153
Oct  9, 2025 15:22:58.183400000 +08	192.168.0.132,8.8.8.8	192.168.0.115,10.45.0.27	0x00000001	153
Oct  9, 2025 15:22:58.379455000 +08	192.168.0.115,10.45.0.27	192.168.0.132,8.8.8.8	0x00004af3	177
Oct  9, 2025 15:22:58.398801000 +08	192.168.0.132,8.8.8.8	192.168.0.115,10.45.0.27	0x00000001	177
Oct  9, 2025 15:22:58.628421000 +08	192.168.0.115,10.45.0.27	192.168.0.132,8.8.8.8	0x00004af3	146
Oct  9, 2025 15:22:58.649571000 +08	192.168.0.132,8.8.8.8	192.168.0.115,10.45.0.27	0x00000001	146
Oct  9, 2025 15:22:58.834073000 +08	192.168.0.115,10.45.0.27	192.168.0.132,8.8.8.8	0x00004af3	158
Oct  9, 2025 15:22:58.849017000 +08	192.168.0.132,8.8.8.8	192.168.0.115,10.45.0.27	0x00000001	158
Oct  9, 2025 15:22:59.083005000 +08	192.168.0.115,10.45.0.27	192.168.0.132,8.8.8.8	0x00004af3	119
Oct  9, 2025 15:22:59.099025000 +08	192.168.0.132,8.8.8.8	192.168.0.115,10.45.0.27	0x00000001	119
Oct  9, 2025 15:22:59.310832000 +08	192.168.0.115,10.45.0.27	192.168.0.132,8.8.8.8	0x00004af3	124
Oct  9, 2025 15:22:59.340210000 +08	192.168.0.132,8.8.8.8	192.168.0.115,10.45.0.27	0x00000001	124
Oct  9, 2025 15:22:59.583475000 +08	192.168.0.115,10.45.0.27	192.168.0.132,8.8.8.8	0x00004af3	128
Oct  9, 2025 15:22:59.599762000 +08	192.168.0.132,8.8.8.8	192.168.0.115,10.45.0.27	0x00000001	128
Oct  9, 2025 15:22:59.767122000 +08	192.168.0.115,10.45.0.27	192.168.0.132,8.8.8.8	0x00004af3	121
Oct  9, 2025 15:22:59.805528000 +08	192.168.0.132,8.8.8.8	192.168.0.115,10.45.0.27	0x00000001	121
Oct  9, 2025 15:23:00.023747000 +08	192.168.0.115,10.45.0.27	192.168.0.132,8.8.8.8	0x00004af3	154
Oct  9, 2025 15:23:00.050689000 +08	192.168.0.132,8.8.8.8	192.168.0.115,10.45.0.27	0x00000001	154
Oct  9, 2025 15:23:00.235134000 +08	192.168.0.115,10.45.0.27	192.168.0.132,8.8.8.8	0x00004af3	133
Oct  9, 2025 15:23:00.249464000 +08	192.168.0.132,8.8.8.8	192.168.0.115,10.45.0.27	0x00000001	133
Oct  9, 2025 15:23:00.457932000 +08	192.168.0.115,10.45.0.27	192.168.0.132,8.8.8.8	0x00004af3	180
Oct  9, 2025 15:23:00.474897000 +08	192.168.0.132,8.8.8.8	192.168.0.115,10.45.0.27	0x00000001	180
Oct  9, 2025 15:23:00.681254000 +08	192.168.0.115,10.45.0.27	192.168.0.132,8.8.8.8	0x00004af3	156
Oct  9, 2025 15:23:00.707097000 +08	192.168.0.132,8.8.8.8	192.168.0.115,10.45.0.27	0x00000001	156
Oct  9, 2025 15:23:00.910225000 +08	192.168.0.115,10.45.0.27	192.168.0.132,8.8.8.8	0x00004af3	148
Oct  9, 2025 15:23:00.931207000 +08	192.168.0.132,8.8.8.8	192.168.0.115,10.45.0.27	0x00000001	148
Oct  9, 2025 15:23:01.157382000 +08	192.168.0.115,10.45.0.27	192.168.0.132,8.8.8.8	0x00004af3	162
Oct  9, 2025 15:23:01.173559000 +08	192.168.0.132,8.8.8.8	192.168.0.115,10.45.0.27	0x00000001	162
Oct  9, 2025 15:23:01.353197000 +08	192.168.0.115,10.45.0.27	192.168.0.132,8.8.8.8	0x00004af3	161
Oct  9, 2025 15:23:01.376221000 +08	192.168.0.132,8.8.8.8	192.168.0.115,10.45.0.27	0x00000001	161
Oct  9, 2025 15:23:01.595696000 +08	192.168.0.115,10.45.0.27	192.168.0.132,8.8.8.8	0x00004af3	141
Oct  9, 2025 15:23:01.614388000 +08	192.168.0.132,8.8.8.8	192.168.0.115,10.45.0.27	0x00000001	141
Oct  9, 2025 15:23:01.829927000 +08	192.168.0.115,10.45.0.27	192.168.0.132,8.8.8.8	0x00004af3	143
Oct  9, 2025 15:23:01.858493000 +08	192.168.0.132,8.8.8.8	192.168.0.115,10.45.0.27	0x00000001	143
Oct  9, 2025 15:23:02.083176000 +08	192.168.0.115,10.45.0.27	192.168.0.132,8.8.8.8	0x00004af3	151
Oct  9, 2025 15:23:02.110777000 +08	192.168.0.132,8.8.8.8	192.168.0.115,10.45.0.27	0x00000001	151
Oct  9, 2025 15:23:02.297513000 +08	192.168.0.115,10.45.0.27	192.168.0.132,8.8.8.8	0x00004af3	173
Oct  9, 2025 15:23:02.319564000 +08	192.168.0.132,8.8.8.8	192.168.0.115,10.45.0.27	0x00000001	173
Oct  9, 2025 15:23:02.552632000 +08	192.168.0.115,10.45.0.27	192.168.0.132,8.8.8.8	0x00004af3	159
Oct  9, 2025 15:23:02.572197000 +08	192.168.0.132,8.8.8.8	192.168.0.115,10.45.0.27	0x00000001	159
Oct  9, 2025 15:23:02.740859000 +08	192.168.0.115,10.45.0.27	192.168.0.132,8.8.8.8	0x00004af3	152
Oct  9, 2025 15:23:02.759811000 +08	192.168.0.132,8.8.8.8	192.168.0.115,10.45.0.27	0x00000001	152
Oct  9, 2025 15:23:02.862803000 +08	192.168.0.115,10.45.0.27	192.168.0.132,8.8.8.8	0x00004af3	147
Oct  9, 2025 15:23:02.888271000 +08	192.168.0.132,8.8.8.8	192.168.0.115,10.45.0.27	0x00000001	147
Oct  9, 2025 15:23:03.114734000 +08	192.168.0.115,10.45.0.27	192.168.0.132,8.8.8.8	0x00004af3	168
Oct  9, 2025 15:23:03.144807000 +08	192.168.0.132,8.8.8.8	192.168.0.115,10.45.0.27	0x00000001	168
Oct  9, 2025 15:23:03.379696000 +08	192.168.0.115,10.45.0.27	192.168.0.132,8.8.8.8	0x00004af3	160
Oct  9, 2025 15:23:03.413026000 +08	192.168.0.132,8.8.8.8	192.168.0.115,10.45.0.27	0x00000001	160
Oct  9, 2025 15:23:03.629323000 +08	192.168.0.115,10.45.0.27	192.168.0.132,8.8.8.8	0x00004af3	127
Oct  9, 2025 15:23:03.649927000 +08	192.168.0.132,8.8.8.8	192.168.0.115,10.45.0.27	0x00000001	127
Oct  9, 2025 15:23:03.829309000 +08	192.168.0.115,10.45.0.27	192.168.0.132,8.8.8.8	0x00004af3	152
Oct  9, 2025 15:23:03.849908000 +08	192.168.0.132,8.8.8.8	192.168.0.115,10.45.0.27	0x00000001	152
Oct  9, 2025 15:23:04.033902000 +08	192.168.0.115,10.45.0.27	192.168.0.132,8.8.8.8	0x00004af3	165
Oct  9, 2025 15:23:04.048941000 +08	192.168.0.132,8.8.8.8	192.168.0.115,10.45.0.27	0x00000001	165
Oct  9, 2025 15:23:04.280017000 +08	192.168.0.115,10.45.0.27	192.168.0.132,8.8.8.8	0x00004af3	132
Oct  9, 2025 15:23:04.306463000 +08	192.168.0.132,8.8.8.8	192.168.0.115,10.45.0.27	0x00000001	132
Oct  9, 2025 15:23:04.483977000 +08	192.168.0.115,10.45.0.27	192.168.0.132,8.8.8.8	0x00004af3	142
Oct  9, 2025 15:23:04.503774000 +08	192.168.0.132,8.8.8.8	192.168.0.115,10.45.0.27	0x00000001	142
Oct  9, 2025 15:23:04.700011000 +08	192.168.0.115,10.45.0.27	192.168.0.132,8.8.8.8	0x00004af3	126
Oct  9, 2025 15:23:04.721506000 +08	192.168.0.132,8.8.8.8	192.168.0.115,10.45.0.27	0x00000001	126
Oct  9, 2025 15:23:04.950646000 +08	192.168.0.115,10.45.0.27	192.168.0.132,8.8.8.8	0x00004af3	175
Oct  9, 2025 15:23:04.974249000 +08	192.168.0.132,8.8.8.8	192.168.0.115,10.45.0.27	0x00000001	175
Oct  9, 2025 15:23:05.174168000 +08	192.168.0.115,10.45.0.27	192.168.0.132,8.8.8.8	0x00004af3	129
Oct  9, 2025 15:23:05.189494000 +08	192.168.0.132,8.8.8.8	192.168.0.115,10.45.0.27	0x00000001	129
Oct  9, 2025 15:23:05.426744000 +08	192.168.0.115,10.45.0.27	192.168.0.132,8.8.8.8	0x00004af3	141
Oct  9, 2025 15:23:05.444974000 +08	192.168.0.132,8.8.8.8	192.168.0.115,10.45.0.27	0x00000001	141
Oct  9, 2025 15:23:05.616266000 +08	192.168.0.115,10.45.0.27	192.168.0.132,8.8.8.8	0x00004af3	160
Oct  9, 2025 15:23:05.640543000 +08	192.168.0.132,8.8.8.8	192.168.0.115,10.45.0.27	0x00000001	160
Oct  9, 2025 15:23:05.844655000 +08	192.168.0.115,10.45.0.27	192.168.0.132,8.8.8.8	0x00004af3	125
Oct  9, 2025 15:23:05.864713000 +08	192.168.0.132,8.8.8.8	192.168.0.115,10.45.0.27	0x00000001	125
Oct  9, 2025 15:23:06.050762000 +08	192.168.0.115,10.45.0.27	192.168.0.132,8.8.8.8	0x00004af3	121
Oct  9, 2025 15:23:06.071171000 +08	192.168.0.132,8.8.8.8	192.168.0.115,10.45.0.27	0x00000001	121
Oct  9, 2025 15:23:06.162509000 +08	192.168.0.115,10.45.0.27	192.168.0.132,8.8.8.8	0x00004af3	154
Oct  9, 2025 15:23:06.203026000 +08	192.168.0.132,8.8.8.8	192.168.0.115,10.45.0.27	0x00000001	154
Oct  9, 2025 15:23:06.394868000 +08	192.168.0.115,10.45.0.27	192.168.0.132,8.8.8.8	0x00004af3	177
Oct  9, 2025 15:23:06.419379000 +08	192.168.0.132,8.8.8.8	192.168.0.115,10.45.0.27	0x00000001	177
Oct  9, 2025 15:23:06.616778000 +08	192.168.0.115,10.45.0.27	192.168.0.132,8.8.8.8	0x00004af3	175
Oct  9, 2025 15:23:06.639790000 +08	192.168.0.132,8.8.8.8	192.168.0.115,10.45.0.27	0x00000001	175
Oct  9, 2025 15:23:06.825714000 +08	192.168.0.115,10.45.0.27	192.168.0.132,8.8.8.8	0x00004af3	154
Oct  9, 2025 15:23:06.847425000 +08	192.168.0.132,8.8.8.8	192.168.0.115,10.45.0.27	0x00000001	154
Oct  9, 2025 15:23:07.066550000 +08	192.168.0.115,10.45.0.27	192.168.0.132,8.8.8.8	0x00004af3	177
Oct  9, 2025 15:23:07.095605000 +08	192.168.0.132,8.8.8.8	192.168.0.115,10.45.0.27	0x00000001	177
Oct  9, 2025 15:23:07.336469000 +08	192.168.0.115,10.45.0.27	192.168.0.132,8.8.8.8	0x00004af3	133
Oct  9, 2025 15:23:07.363665000 +08	192.168.0.132,8.8.8.8	192.168.0.115,10.45.0.27	0x00000001	133
Oct  9, 2025 15:23:07.479814000 +08	192.168.0.115,10.45.0.27	192.168.0.132,8.8.8.8	0x00004af3	166
Oct  9, 2025 15:23:07.511845000 +08	192.168.0.132,8.8.8.8	192.168.0.115,10.45.0.27	0x00000001	166
Oct  9, 2025 15:23:07.698069000 +08	192.168.0.115,10.45.0.27	192.168.0.132,8.8.8.8	0x00004af3	126
Oct  9, 2025 15:23:07.713381000 +08	192.168.0.132,8.8.8.8	192.168.0.115,10.45.0.27	0x00000001	126
Oct  9, 2025 15:23:07.904349000 +08	192.168.0.115,10.45.0.27	192.168.0.132,8.8.8.8	0x00004af3	154
Oct  9, 2025 15:23:07.918472000 +08	192.168.0.132,8.8.8.8	192.168.0.115,10.45.0.27	0x00000001	154
Oct  9, 2025 15:23:08.099758000 +08	192.168.0.115,10.45.0.27	192.168.0.132,8.8.8.8	0x00004af3	140
Oct  9, 2025 15:23:08.115198000 +08	192.168.0.132,8.8.8.8	192.168.0.115,10.45.0.27	0x00000001	140
Oct  9, 2025 15:23:08.356320000 +08	192.168.0.115,10.45.0.27	192.168.0.132,8.8.8.8	0x00004af3	119
Oct  9, 2025 15:23:08.383962000 +08	192.168.0.132,8.8.8.8	192.168.0.115,10.45.0.27	0x00000001	119
Oct  9, 2025 15:23:08.591710000 +08	192.168.0.115,10.45.0.27	192.168.0.132,8.8.8.8	0x00004af3	127
Oct  9, 2025 15:23:08.608870000 +08	192.168.0.132,8.8.8.8	192.168.0.115,10.45.0.27	0x00000001	127
Oct  9, 2025 15:23:08.783503000 +08	192.168.0.115,10.45.0.27	192.168.0.132,8.8.8.8	0x00004af3	128
Oct  9, 2025 15:23:08.807663000 +08	192.168.0.132,8.8.8.8	192.168.0.115,10.45.0.27	0x00000001	128
Oct  9, 2025 15:23:09.033967000 +08	192.168.0.115,10.45.0.27	192.168.0.132,8.8.8.8	0x00004af3	178
Oct  9, 2025 15:23:09.049148000 +08	192.168.0.132,8.8.8.8	192.168.0.115,10.45.0.27	0x00000001	178
Oct  9, 2025 15:23:09.217821000 +08	192.168.0.115,10.45.0.27	192.168.0.132,8.8.8.8	0x00004af3	162
Oct  9, 2025 15:23:09.234988000 +08	192.168.0.132,8.8.8.8	192.168.0.115,10.45.0.27	0x00000001	162
Oct  9, 2025 15:23:09.410005000 +08	192.168.0.115,10.45.0.27	192.168.0.132,8.8.8.8	0x00004af3	146
Oct  9, 2025 15:23:09.428966000 +08	192.168.0.132,8.8.8.8	192.168.0.115,10.45.0.27	0x00000001	146
Oct  9, 2025 15:23:09.660370000 +08	192.168.0.115,10.45.0.27	192.168.0.132,8.8.8.8	0x00004af3	158
Oct  9, 2025 15:23:09.692703000 +08	192.168.0.132,8.8.8.8	192.168.0.115,10.45.0.27	0x00000001	158
Oct  9, 2025 15:23:09.867671000 +08	192.168.0.115,10.45.0.27	192.168.0.132,8.8.8.8	0x00004af3	166
Oct  9, 2025 15:23:09.887204000 +08	192.168.0.132,8.8.8.8	192.168.0.115,10.45.0.27	0x00000001	166
Oct  9, 2025 15:23:10.083676000 +08	192.168.0.115,10.45.0.27	192.168.0.132,8.8.8.8	0x00004af3	148
Oct  9, 2025 15:23:10.098841000 +08	192.168.0.132,8.8.8.8	192.168.0.115,10.45.0.27	0x00000001	148
Oct  9, 2025 15:23:10.335784000 +08	192.168.0.115,10.45.0.27	192.168.0.132,8.8.8.8	0x00004af3	138
Oct  9, 2025 15:23:10.353858000 +08	192.168.0.132,8.8.8.8	192.168.0.115,10.45.0.27	0x00000001	138
Oct  9, 2025 15:23:10.594562000 +08	192.168.0.115,10.45.0.27	192.168.0.132,8.8.8.8	0x00004af3	123
Oct  9, 2025 15:23:10.611499000 +08	192.168.0.132,8.8.8.8	192.168.0.115,10.45.0.27	0x00000001	123
Oct  9, 2025 15:23:10.846587000 +08	192.168.0.115,10.45.0.27	192.168.0.132,8.8.8.8	0x00004af3	118
Oct  9, 2025 15:23:10.866898000 +08	192.168.0.132,8.8.8.8	192.168.0.115,10.45.0.27	0x00000001	118
Oct  9, 2025 15:23:11.102865000 +08	192.168.0.115,10.45.0.27	192.168.0.132,8.8.8.8	0x00004af3	152
Oct  9, 2025 15:23:11.130988000 +08	192.168.0.132,8.8.8.8	192.168.0.115,10.45.0.27	0x00000001	152
Oct  9, 2025 15:23:11.358343000 +08	192.168.0.115,10.45.0.27	192.168.0.132,8.8.8.8	0x00004af3	124
Oct  9, 2025 15:23:11.373607000 +08	192.168.0.132,8.8.8.8	192.168.0.115,10.45.0.27	0x00000001	124
Oct  9, 2025 15:23:11.595600000 +08	192.168.0.115,10.45.0.27	192.168.0.132,8.8.8.8	0x00004af3	176
Oct  9, 2025 15:23:11.615873000 +08	192.168.0.132,8.8.8.8	192.168.0.115,10.45.0.27	0x00000001	176
Oct  9, 2025 15:23:11.789919000 +08	192.168.0.115,10.45.0.27	192.168.0.132,8.8.8.8	0x00004af3	118
Oct  9, 2025 15:23:11.811989000 +08	192.168.0.132,8.8.8.8	192.168.0.115,10.45.0.27	0x00000001	118
Oct  9, 2025 15:23:11.910843000 +08	192.168.0.115,10.45.0.27	192.168.0.132,8.8.8.8	0x00004af3	162
Oct  9, 2025 15:23:11.940771000 +08	192.168.0.132,8.8.8.8	192.168.0.115,10.45.0.27	0x00000001	162
Oct  9, 2025 15:23:12.136681000 +08	192.168.0.115,10.45.0.27	192.168.0.132,8.8.8.8	0x00004af3	165
Oct  9, 2025 15:23:12.159396000 +08	192.168.0.132,8.8.8.8	192.168.0.115,10.45.0.27	0x00000001	165
Oct  9, 2025 15:23:12.340050000 +08	192.168.0.115,10.45.0.27	192.168.0.132,8.8.8.8	0x00004af3	145
Oct  9, 2025 15:23:12.358911000 +08	192.168.0.132,8.8.8.8	192.168.0.115,10.45.0.27	0x00000001	145
Oct  9, 2025 15:23:12.604867000 +08	192.168.0.115,10.45.0.27	192.168.0.132,8.8.8.8	0x00004af3	118
Oct  9, 2025 15:23:12.624951000 +08	192.168.0.132,8.8.8.8	192.168.0.115,10.45.0.27	0x00000001	118
Oct  9, 2025 15:23:12.856087000 +08	192.168.0.115,10.45.0.27	192.168.0.132,8.8.8.8	0x00004af3	169
Oct  9, 2025 15:23:12.873554000 +08	192.168.0.132,8.8.8.8	192.168.0.115,10.45.0.27	0x00000001	169
Oct  9, 2025 15:23:13.074507000 +08	192.168.0.115,10.45.0.27	192.168.0.132,8.8.8.8	0x00004af3	122
Oct  9, 2025 15:23:13.091530000 +08	192.168.0.132,8.8.8.8	192.168.0.115,10.45.0.27	0x00000001	122
Oct  9, 2025 15:23:13.269226000 +08	192.168.0.115,10.45.0.27	192.168.0.132,8.8.8.8	0x00004af3	139
Oct  9, 2025 15:23:13.291928000 +08	192.168.0.132,8.8.8.8	192.168.0.115,10.45.0.27	0x00000001	139
Oct  9, 2025 15:23:13.521992000 +08	192.168.0.115,10.45.0.27	192.168.0.132,8.8.8.8	0x00004af3	132
Oct  9, 2025 15:23:13.543008000 +08	192.168.0.132,8.8.8.8	192.168.0.115,10.45.0.27	0x00000001	132
Oct  9, 2025 15:23:13.726951000 +08	192.168.0.115,10.45.0.27	192.168.0.132,8.8.8.8	0x00004af3	126
Oct  9, 2025 15:23:13.743611000 +08	192.168.0.132,8.8.8.8	192.168.0.115,10.45.0.27	0x00000001	126
Oct  9, 2025 15:23:13.984093000 +08	192.168.0.115,10.45.0.27	192.168.0.132,8.8.8.8	0x00004af3	157
Oct  9, 2025 15:23:14.000624000 +08	192.168.0.132,8.8.8.8	192.168.0.115,10.45.0.27	0x00000001	157
Oct  9, 2025 15:23:14.094477000 +08	192.168.0.115,10.45.0.27	192.168.0.132,8.8.8.8	0x00004af3	179
Oct  9, 2025 15:23:14.125114000 +08	192.168.0.132,8.8.8.8	192.168.0.115,10.45.0.27	0x00000001	179
Oct  9, 2025 15:23:14.308923000 +08	192.168.0.115,10.45.0.27	192.168.0.132,8.8.8.8	0x00004af3	175
Oct  9, 2025 15:23:14.330741000 +08	192.168.0.132,8.8.8.8	192.168.0.115,10.45.0.27	0x00000001	175
Oct  9, 2025 15:23:14.554971000 +08	192.168.0.115,10.45.0.27	192.168.0.132,8.8.8.8	0x00004af3	149
Oct  9, 2025 15:23:14.570141000 +08	192.168.0.132,8.8.8.8	192.168.0.115,10.45.0.27	0x00000001	149
Oct  9, 2025 15:23:14.680943000 +08	192.168.0.115,10.45.0.27	192.168.0.132,8.8.8.8	0x00004af3	171
Oct  9, 2025 15:23:14.708557000 +08	192.168.0.132,8.8.8.8	192.168.0.115,10.45.0.27	0x00000001	171
Oct  9, 2025 15:23:14.821482000 +08	192.168.0.115,10.45.0.27	192.168.0.132,8.8.8.8	0x00004af3	123
Oct  9, 2025 15:23:14.845687000 +08	192.168.0.132,8.8.8.8	192.168.0.115,10.45.0.27	0x00000001	123
Oct  9, 2025 15:23:15.073818000 +08	192.168.0.115,10.45.0.27	192.168.0.132,8.8.8.8	0x00004af3	145
Oct  9, 2025 15:23:15.105432000 +08	192.168.0.132,8.8.8.8	192.168.0.115,10.45.0.27	0x00000001	145
Oct  9, 2025 15:23:15.291495000 +08	192.168.0.115,10.45.0.27	192.168.0.132,8.8.8.8	0x00004af3	130
Oct  9, 2025 15:23:15.311274000 +08	192.168.0.132,8.8.8.8	192.168.0.115,10.45.0.27	0x00000001	130
Oct  9, 2025 15:23:15.409504000 +08	192.168.0.115,10.45.0.27	192.168.0.132,8.8.8.8	0x00004af3	161
Oct  9, 2025 15:23:15.428644000 +08	192.168.0.132,8.8.8.8	192.168.0.115,10.45.0.27	0x00000001	161
Oct  9, 2025 15:23:15.629097000 +08	192.168.0.115,10.45.0.27	192.168.0.132,8.8.8.8	0x00004af3	124
Oct  9, 2025 15:23:15.656357000 +08	192.168.0.132,8.8.8.8	192.168.0.115,10.45.0.27	0x00000001	124
Oct  9, 2025 15:23:15.844932000 +08	192.168.0.115,10.45.0.27	192.168.0.132,8.8.8.8	0x00004af3	152
Oct  9, 2025 15:23:15.859787000 +08	192.168.0.132,8.8.8.8	192.168.0.115,10.45.0.27	0x00000001	152
Oct  9, 2025 15:23:16.098544000 +08	192.168.0.115,10.45.0.27	192.168.0.132,8.8.8.8	0x00004af3	128
Oct  9, 2025 15:23:16.118484000 +08	192.168.0.132,8.8.8.8	192.168.0.115,10.45.0.27	0x00000001	128
Oct  9, 2025 15:23:16.205869000 +08	192.168.0.115,10.45.0.27	192.168.0.132,8.8.8.8	0x00004af3	180
Oct  9, 2025 15:23:16.229008000 +08	192.168.0.132,8.8.8.8	192.168.0.115,10.45.0.27	0x00000001	180
Oct  9, 2025 15:23:16.463721000 +08	192.168.0.115,10.45.0.27	192.168.0.132,8.8.8.8	0x00004af3	119
Oct  9, 2025 15:23:16.487963000 +08	192.168.0.132,8.8.8.8	192.168.0.115,10.45.0.27	0x00000001	119
Oct  9, 2025 15:23:16.709678000 +08	192.168.0.115,10.45.0.27	192.168.0.132,8.8.8.8	0x00004af3	136
Oct  9, 2025 15:23:16.738278000 +08	192.168.0.132,8.8.8.8	192.168.0.115,10.45.0.27	0x00000001	136
Oct  9, 2025 15:23:16.970358000 +08	192.168.0.115,10.45.0.27	192.168.0.132,8.8.8.8	0x00004af3	122
Oct  9, 2025 15:23:16.993410000 +08	192.168.0.132,8.8.8.8	192.168.0.115,10.45.0.27	0x00000001	122
Oct  9, 2025 15:23:17.170818000 +08	192.168.0.115,10.45.0.27	192.168.0.132,8.8.8.8	0x00004af3	145
Oct  9, 2025 15:23:17.189093000 +08	192.168.0.132,8.8.8.8	192.168.0.115,10.45.0.27	0x00000001	145
Oct  9, 2025 15:23:17.362583000 +08	192.168.0.115,10.45.0.27	192.168.0.132,8.8.8.8	0x00004af3	118
Oct  9, 2025 15:23:17.379329000 +08	192.168.0.132,8.8.8.8	192.168.0.115,10.45.0.27	0x00000001	118
Oct  9, 2025 15:23:17.567345000 +08	192.168.0.115,10.45.0.27	192.168.0.132,8.8.8.8	0x00004af3	179
Oct  9, 2025 15:23:17.585083000 +08	192.168.0.132,8.8.8.8	192.168.0.115,10.45.0.27	0x00000001	179
Oct  9, 2025 15:23:17.767566000 +08	192.168.0.115,10.45.0.27	192.168.0.132,8.8.8.8	0x00004af3	127
Oct  9, 2025 15:23:17.785731000 +08	192.168.0.132,8.8.8.8	192.168.0.115,10.45.0.27	0x00000001	127
Oct  9, 2025 15:23:18.001968000 +08	192.168.0.115,10.45.0.27	192.168.0.132,8.8.8.8	0x00004af3	181
Oct  9, 2025 15:23:18.033606000 +08	192.168.0.132,8.8.8.8	192.168.0.115,10.45.0.27	0x00000001	181
Oct  9, 2025 15:23:18.257327000 +08	192.168.0.115,10.45.0.27	192.168.0.132,8.8.8.8	0x00004af3	162
Oct  9, 2025 15:23:18.273214000 +08	192.168.0.132,8.8.8.8	192.168.0.115,10.45.0.27	0x00000001	162
Oct  9, 2025 15:23:18.477676000 +08	192.168.0.115,10.45.0.27	192.168.0.132,8.8.8.8	0x00004af3	162
Oct  9, 2025 15:23:18.498653000 +08	192.168.0.132,8.8.8.8	192.168.0.115,10.45.0.27	0x00000001	162
Oct  9, 2025 15:23:18.599982000 +08	192.168.0.115,10.45.0.27	192.168.0.132,8.8.8.8	0x00004af3	164
Oct  9, 2025 15:23:18.628905000 +08	192.168.0.132,8.8.8.8	192.168.0.115,10.45.0.27	0x00000001	164
Oct  9, 2025 15:23:18.838680000 +08	192.168.0.115,10.45.0.27	192.168.0.132,8.8.8.8	0x00004af3	180
Oct  9, 2025 15:23:18.859168000 +08	192.168.0.132,8.8.8.8	192.168.0.115,10.45.0.27	0x00000001	180
Oct  9, 2025 15:23:19.091296000 +08	192.168.0.115,10.45.0.27	192.168.0.132,8.8.8.8	0x00004af3	170
Oct  9, 2025 15:23:19.112731000 +08	192.168.0.132,8.8.8.8	192.168.0.115,10.45.0.27	0x00000001	170
Oct  9, 2025 15:23:19.290260000 +08	192.168.0.115,10.45.0.27	192.168.0.132,8.8.8.8	0x00004af3	182
Oct  9, 2025 15:23:19.329145000 +08	192.168.0.132,8.8.8.8	192.168.0.115,10.45.0.27	0x00000001	182
Oct  9, 2025 15:23:19.520883000 +08	192.168.0.115,10.45.0.27	192.168.0.132,8.8.8.8	0x00004af3	179
Oct  9, 2025 15:23:19.539399000 +08	192.168.0.132,8.8.8.8	192.168.0.115,10.45.0.27	0x00000001	179
Oct  9, 2025 15:23:19.704031000 +08	192.168.0.115,10.45.0.27	192.168.0.132,8.8.8.8	0x00004af3	138
Oct  9, 2025 15:23:19.720217000 +08	192.168.0.132,8.8.8.8	192.168.0.115,10.45.0.27	0x00000001	138
Oct  9, 2025 15:23:19.934764000 +08	192.168.0.115,10.45.0.27	192.168.0.132,8.8.8.8	0x00004af3	163
Oct  9, 2025 15:23:19.954423000 +08	192.168.0.132,8.8.8.8	192.168.0.115,10.45.0.27	0x00000001	163
Oct  9, 2025 15:23:20.187341000 +08	192.168.0.115,10.45.0.27	192.168.0.132,8.8.8.8	0x00004af3	132
Oct  9, 2025 15:23:20.210978000 +08	192.168.0.132,8.8.8.8	192.168.0.115,10.45.0.27	0x00000001	132
Oct  9, 2025 15:23:20.409589000 +08	192.168.0.115,10.45.0.27	192.168.0.132,8.8.8.8	0x00004af3	137
Oct  9, 2025 15:23:20.429291000 +08	192.168.0.132,8.8.8.8	192.168.0.115,10.45.0.27	0x00000001	137
Oct  9, 2025 15:23:20.660396000 +08	192.168.0.115,10.45.0.27	192.168.0.132,8.8.8.8	0x00004af3	160
Oct  9, 2025 15:23:20.677934000 +08	192.168.0.132,8.8.8.8	192.168.0.115,10.45.0.27	0x00000001	160
Oct  9, 2025 15:23:20.903069000 +08	192.168.0.115,10.45.0.27	192.168.0.132,8.8.8.8	0x00004af3	164
Oct  9, 2025 15:23:20.928381000 +08	192.168.0.132,8.8.8.8	192.168.0.115,10.45.0.27	0x00000001	164
Oct  9, 2025 15:23:21.097202000 +08	192.168.0.115,10.45.0.27	192.168.0.132,8.8.8.8	0x00004af3	129
Oct  9, 2025 15:23:21.129485000 +08	192.168.0.132,8.8.8.8	192.168.0.115,10.45.0.27	0x00000001	129
Oct  9, 2025 15:23:21.238299000 +08	192.168.0.115,10.45.0.27	192.168.0.132,8.8.8.8	0x00004af3	126
Oct  9, 2025 15:23:21.259670000 +08	192.168.0.132,8.8.8.8	192.168.0.115,10.45.0.27	0x00000001	126
Oct  9, 2025 15:23:21.442039000 +08	192.168.0.115,10.45.0.27	192.168.0.132,8.8.8.8	0x00004af3	146
Oct  9, 2025 15:23:21.480973000 +08	192.168.0.132,8.8.8.8	192.168.0.115,10.45.0.27	0x00000001	146
Oct  9, 2025 15:23:21.604242000 +08	192.168.0.115,10.45.0.27	192.168.0.132,8.8.8.8	0x00004af3	142
Oct  9, 2025 15:23:21.620507000 +08	192.168.0.132,8.8.8.8	192.168.0.115,10.45.0.27	0x00000001	142
Oct  9, 2025 15:23:21.831675000 +08	192.168.0.115,10.45.0.27	192.168.0.132,8.8.8.8	0x00004af3	149
Oct  9, 2025 15:23:21.859900000 +08	192.168.0.132,8.8.8.8	192.168.0.115,10.45.0.27	0x00000001	149
Oct  9, 2025 15:23:22.078895000 +08	192.168.0.115,10.45.0.27	192.168.0.132,8.8.8.8	0x00004af3	165
Oct  9, 2025 15:23:22.110990000 +08	192.168.0.132,8.8.8.8	192.168.0.115,10.45.0.27	0x00000001	165
Oct  9, 2025 15:23:22.306821000 +08	192.168.0.115,10.45.0.27	192.168.0.132,8.8.8.8	0x00004af3	151
Oct  9, 2025 15:23:22.331471000 +08	192.168.0.132,8.8.8.8	192.168.0.115,10.45.0.27	0x00000001	151
Oct  9, 2025 15:23:22.569809000 +08	192.168.0.115,10.45.0.27	192.168.0.132,8.8.8.8	0x00004af3	135
Oct  9, 2025 15:23:22.598636000 +08	192.168.0.132,8.8.8.8	192.168.0.115,10.45.0.27	0x00000001	135
Oct  9, 2025 15:23:22.820583000 +08	192.168.0.115,10.45.0.27	192.168.0.132,8.8.8.8	0x00004af3	131
Oct  9, 2025 15:23:22.838593000 +08	192.168.0.132,8.8.8.8	192.168.0.115,10.45.0.27	0x00000001	131
Oct  9, 2025 15:23:23.073321000 +08	192.168.0.115,10.45.0.27	192.168.0.132,8.8.8.8	0x00004af3	126
Oct  9, 2025 15:23:23.087918000 +08	192.168.0.132,8.8.8.8	192.168.0.115,10.45.0.27	0x00000001	126
Oct  9, 2025 15:23:23.291009000 +08	192.168.0.115,10.45.0.27	192.168.0.132,8.8.8.8	0x00004af3	127
Oct  9, 2025 15:23:23.319225000 +08	192.168.0.132,8.8.8.8	192.168.0.115,10.45.0.27	0x00000001	127
Oct  9, 2025 15:23:23.497940000 +08	192.168.0.115,10.45.0.27	192.168.0.132,8.8.8.8	0x00004af3	176
Oct  9, 2025 15:23:23.519962000 +08	192.168.0.132,8.8.8.8	192.168.0.115,10.45.0.27	0x00000001	176
Oct  9, 2025 15:23:23.708581000 +08	192.168.0.115,10.45.0.27	192.168.0.132,8.8.8.8	0x00004af3	163
Oct  9, 2025 15:23:23.725181000 +08	192.168.0.132,8.8.8.8	192.168.0.115,10.45.0.27	0x00000001	163
Oct  9, 2025 15:23:23.891695000 +08	192.168.0.115,10.45.0.27	192.168.0.132,8.8.8.8	0x00004af3	124
Oct  9, 2025 15:23:23.909026000 +08	192.168.0.132,8.8.8.8	192.168.0.115,10.45.0.27	0x00000001	124
Oct  9, 2025 15:23:24.123788000 +08	192.168.0.115,10.45.0.27	192.168.0.132,8.8.8.8	0x00004af3	141
Oct  9, 2025 15:23:24.138525000 +08	192.168.0.132,8.8.8.8	192.168.0.115,10.45.0.27	0x00000001	141
Oct  9, 2025 15:23:24.376882000 +08	192.168.0.115,10.45.0.27	192.168.0.132,8.8.8.8	0x00004af3	149
Oct  9, 2025 15:23:24.393671000 +08	192.168.0.132,8.8.8.8	192.168.0.115,10.45.0.27	0x00000001	149
Oct  9, 2025 15:23:24.507438000 +08	192.168.0.115,10.45.0.27	192.168.0.132,8.8.8.8	0x00004af3	139
Oct  9, 2025 15:23:24.528713000 +08	192.168.0.132,8.8.8.8	192.168.0.115,10.45.0.27	0x00000001	139
Oct  9, 2025 15:23:24.725931000 +08	192.168.0.115,10.45.0.27	192.168.0.132,8.8.8.8	0x00004af3	149
Oct  9, 2025 15:23:24.747090000 +08	192.168.0.132,8.8.8.8	192.168.0.115,10.45.0.27	0x00000001	149
Oct  9, 2025 15:23:24.861886000 +08	192.168.0.115,10.45.0.27	192.168.0.132,8.8.8.8	0x00004af3	138
Oct  9, 2025 15:23:24.883688000 +08	192.168.0.132,8.8.8.8	192.168.0.115,10.45.0.27	0x00000001	138
Oct  9, 2025 15:23:25.003973000 +08	192.168.0.115,10.45.0.27	192.168.0.132,8.8.8.8	0x00004af3	165
Oct  9, 2025 15:23:25.029373000 +08	192.168.0.132,8.8.8.8	192.168.0.115,10.45.0.27	0x00000001	165
Oct  9, 2025 15:23:25.215025000 +08	192.168.0.115,10.45.0.27	192.168.0.132,8.8.8.8	0x00004af3	149
Oct  9, 2025 15:23:25.237987000 +08	192.168.0.132,8.8.8.8	192.168.0.115,10.45.0.27	0x00000001	149
Oct  9, 2025 15:23:25.346912000 +08	192.168.0.115,10.45.0.27	192.168.0.132,8.8.8.8	0x00004af3	178
Oct  9, 2025 15:23:25.365138000 +08	192.168.0.132,8.8.8.8	192.168.0.115,10.45.0.27	0x00000001	178
Oct  9, 2025 15:23:25.587004000 +08	192.168.0.115,10.45.0.27	192.168.0.132,8.8.8.8	0x00004af3	181
Oct  9, 2025 15:23:25.608370000 +08	192.168.0.132,8.8.8.8	192.168.0.115,10.45.0.27	0x00000001	181
Oct  9, 2025 15:23:25.786958000 +08	192.168.0.115,10.45.0.27	192.168.0.132,8.8.8.8	0x00004af3	140
Oct  9, 2025 15:23:25.803649000 +08	192.168.0.132,8.8.8.8	192.168.0.115,10.45.0.27	0x00000001	140
Oct  9, 2025 15:23:26.001229000 +08	192.168.0.115,10.45.0.27	192.168.0.132,8.8.8.8	0x00004af3	125
Oct  9, 2025 15:23:26.018728000 +08	192.168.0.132,8.8.8.8	192.168.0.115,10.45.0.27	0x00000001	125
Oct  9, 2025 15:23:26.134909000 +08	192.168.0.115,10.45.0.27	192.168.0.132,8.8.8.8	0x00004af3	160
Oct  9, 2025 15:23:26.165771000 +08	192.168.0.132,8.8.8.8	192.168.0.115,10.45.0.27	0x00000001	160
Oct  9, 2025 15:23:26.388547000 +08	192.168.0.115,10.45.0.27	192.168.0.132,8.8.8.8	0x00004af3	136
Oct  9, 2025 15:23:26.413608000 +08	192.168.0.132,8.8.8.8	192.168.0.115,10.45.0.27	0x00000001	136
Oct  9, 2025 15:23:26.628591000 +08	192.168.0.115,10.45.0.27	192.168.0.132,8.8.8.8	0x00004af3	137
Oct  9, 2025 15:23:26.658294000 +08	192.168.0.132,8.8.8.8	192.168.0.115,10.45.0.27	0x00000001	137
Oct  9, 2025 15:23:26.870763000 +08	192.168.0.115,10.45.0.27	192.168.0.132,8.8.8.8	0x00004af3	139
Oct  9, 2025 15:23:26.892160000 +08	192.168.0.132,8.8.8.8	192.168.0.115,10.45.0.27	0x00000001	139
Oct  9, 2025 15:23:27.108149000 +08	192.168.0.115,10.45.0.27	192.168.0.132,8.8.8.8	0x00004af3	133
Oct  9, 2025 15:23:27.125814000 +08	192.168.0.132,8.8.8.8	192.168.0.115,10.45.0.27	0x00000001	133
Oct  9, 2025 15:23:27.353185000 +08	192.168.0.115,10.45.0.27	192.168.0.132,8.8.8.8	0x00004af3	169
Oct  9, 2025 15:23:27.371492000 +08	192.168.0.132,8.8.8.8	192.168.0.115,10.45.0.27	0x00000001	169
Oct  9, 2025 15:23:27.609766000 +08	192.168.0.115,10.45.0.27	192.168.0.132,8.8.8.8	0x00004af3	135
Oct  9, 2025 15:23:27.632096000 +08	192.168.0.132,8.8.8.8	192.168.0.115,10.45.0.27	0x00000001	135
Oct  9, 2025 15:23:27.867902000 +08	192.168.0.115,10.45.0.27	192.168.0.132,8.8.8.8	0x00004af3	119
Oct  9, 2025 15:23:27.885982000 +08	192.168.0.132,8.8.8.8	192.168.0.115,10.45.0.27	0x00000001	119
Oct  9, 2025 15:23:28.100392000 +08	192.168.0.115,10.45.0.27	192.168.0.132,8.8.8.8	0x00004af3	144
Oct  9, 2025 15:23:28.134140000 +08	192.168.0.132,8.8.8.8	192.168.0.115,10.45.0.27	0x00000001	144
Oct  9, 2025 15:23:28.322067000 +08	192.168.0.115,10.45.0.27	192.168.0.132,8.8.8.8	0x00004af3	124
Oct  9, 2025 15:23:28.340763000 +08	192.168.0.132,8.8.8.8	192.168.0.115,10.45.0.27	0x00000001	124
Oct  9, 2025 15:23:28.578620000 +08	192.168.0.115,10.45.0.27	192.168.0.132,8.8.8.8	0x00004af3	163
Oct  9, 2025 15:23:28.597256000 +08	192.168.0.132,8.8.8.8	192.168.0.115,10.45.0.27	0x00000001	163
Oct  9, 2025 15:23:28.816769000 +08	192.168.0.115,10.45.0.27	192.168.0.132,8.8.8.8	0x00004af3	169
Oct  9, 2025 15:23:28.834058000 +08	192.168.0.132,8.8.8.8	192.168.0.115,10.45.0.27	0x00000001	169
Oct  9, 2025 15:23:29.040648000 +08	192.168.0.115,10.45.0.27	192.168.0.132,8.8.8.8	0x00004af3	163
Oct  9, 2025 15:23:29.069813000 +08	192.168.0.132,8.8.8.8	192.168.0.115,10.45.0.27	0x00000001	163
Oct  9, 2025 15:23:29.307594000 +08	192.168.0.115,10.45.0.27	192.168.0.132,8.8.8.8	0x00004af3	179
Oct  9, 2025 15:23:29.334503000 +08	192.168.0.132,8.8.8.8	192.168.0.115,10.45.0.27	0x00000001	179
Oct  9, 2025 15:23:29.541356000 +08	192.168.0.115,10.45.0.27	192.168.0.132,8.8.8.8	0x00004af3	129
Oct  9, 2025 15:23:29.563744000 +08	192.168.0.132,8.8.8.8	192.168.0.115,10.45.0.27	0x00000001	129
Oct  9, 2025 15:23:29.747318000 +08	192.168.0.115,10.45.0.27	192.168.0.132,8.8.8.8	0x00004af3	135
Oct  9, 2025 15:23:29.769473000 +08	192.168.0.132,8.8.8.8	192.168.0.115,10.45.0.27	0x00000001	135
Oct  9, 2025 15:23:29.996712000 +08	192.168.0.115,10.45.0.27	192.168.0.132,8.8.8.8	0x00004af3	121
Oct  9, 2025 15:23:30.013090000 +08	192.168.0.132,8.8.8.8	192.168.0.115,10.45.0.27	0x00000001	121
Oct  9, 2025 15:23:30.123831000 +08	192.168.0.115,10.45.0.27	192.168.0.132,8.8.8.8	0x00004af3	153
Oct  9, 2025 15:23:30.151688000 +08	192.168.0.132,8.8.8.8	192.168.0.115,10.45.0.27	0x00000001	153
